model,prompt_id,score
codellama,gsm8k-0,1
codellama,gsm8k-1,1
codellama,gsm8k-2,0
codellama,gsm8k-3,1
codellama,gsm8k-4,0
codellama,gsm8k-5,0
codellama,gsm8k-6,1
codellama,gsm8k-7,0
codellama,gsm8k-8,0
codellama,gsm8k-9,1
codellama,gsm8k-10,1
codellama,gsm8k-11,0
codellama,gsm8k-12,0
codellama,gsm8k-13,0
codellama,gsm8k-14,0
codellama,gsm8k-15,1
codellama,gsm8k-16,1
codellama,gsm8k-17,1
codellama,gsm8k-18,0
codellama,gsm8k-19,0
codellama,gsm8k-20,0
codellama,gsm8k-21,0
codellama,gsm8k-22,1
codellama,gsm8k-23,1
codellama,gsm8k-24,1
codellama,gsm8k-25,0
codellama,gsm8k-26,0
codellama,gsm8k-27,1
codellama,gsm8k-28,0
codellama,gsm8k-29,0
codellama,gsm8k-30,0
codellama,gsm8k-31,0
codellama,gsm8k-32,1
codellama,gsm8k-33,0
codellama,gsm8k-34,1
codellama,gsm8k-35,0
codellama,gsm8k-36,1
codellama,gsm8k-37,1
codellama,gsm8k-38,0
codellama,gsm8k-39,0
codellama,gsm8k-40,0
codellama,gsm8k-41,0
codellama,gsm8k-42,1
codellama,gsm8k-43,0
codellama,gsm8k-44,1
codellama,gsm8k-45,0
codellama,gsm8k-46,0
codellama,gsm8k-47,1
codellama,gsm8k-48,1
codellama,gsm8k-49,1
codellama,gsm8k-50,1
codellama,gsm8k-51,0
codellama,gsm8k-52,1
codellama,gsm8k-53,0
codellama,gsm8k-54,0
codellama,gsm8k-55,1
codellama,gsm8k-56,1
codellama,gsm8k-57,1
codellama,gsm8k-58,0
codellama,gsm8k-59,1
codellama,gsm8k-60,0
codellama,gsm8k-61,1
codellama,gsm8k-62,0
codellama,gsm8k-63,0
codellama,gsm8k-64,0
codellama,gsm8k-65,0
codellama,gsm8k-66,1
codellama,gsm8k-67,0
codellama,gsm8k-68,0
codellama,gsm8k-69,1
codellama,gsm8k-70,0
codellama,gsm8k-71,1
codellama,gsm8k-72,1
codellama,gsm8k-73,1
codellama,gsm8k-74,0
codellama,gsm8k-75,0
codellama,gsm8k-76,0
codellama,gsm8k-77,1
codellama,gsm8k-78,0
codellama,gsm8k-79,0
codellama,gsm8k-80,0
codellama,gsm8k-81,1
codellama,gsm8k-82,0
codellama,gsm8k-83,1
codellama,gsm8k-84,0
codellama,gsm8k-85,1
codellama,gsm8k-86,1
codellama,gsm8k-87,0
codellama,gsm8k-88,0
codellama,gsm8k-89,1
codellama,gsm8k-90,1
codellama,gsm8k-91,1
codellama,gsm8k-92,0
codellama,gsm8k-93,0
codellama,gsm8k-94,0
codellama,gsm8k-95,1
codellama,gsm8k-96,1
codellama,gsm8k-97,0
codellama,gsm8k-98,1
codellama,gsm8k-99,0
codellama,gsm8k-100,0
codellama,gsm8k-101,0
codellama,gsm8k-102,0
codellama,gsm8k-103,0
codellama,gsm8k-104,1
codellama,gsm8k-105,1
codellama,gsm8k-106,1
codellama,gsm8k-107,0
codellama,gsm8k-108,0
codellama,gsm8k-109,1
codellama,gsm8k-110,0
codellama,gsm8k-111,0
codellama,gsm8k-112,1
codellama,gsm8k-113,1
codellama,gsm8k-114,0
codellama,gsm8k-115,0
codellama,gsm8k-116,0
codellama,gsm8k-117,1
codellama,gsm8k-118,1
codellama,gsm8k-119,0
codellama,gsm8k-120,1
codellama,gsm8k-121,0
codellama,gsm8k-122,0
codellama,gsm8k-123,1
codellama,gsm8k-124,1
codellama,gsm8k-125,0
codellama,gsm8k-126,1
codellama,gsm8k-127,1
codellama,gsm8k-128,0
codellama,gsm8k-129,0
codellama,gsm8k-130,1
codellama,gsm8k-131,1
codellama,gsm8k-132,0
codellama,gsm8k-133,1
codellama,gsm8k-134,1
codellama,gsm8k-135,1
codellama,gsm8k-136,0
codellama,gsm8k-137,0
codellama,gsm8k-138,0
codellama,gsm8k-139,0
codellama,gsm8k-140,1
codellama,gsm8k-141,0
codellama,gsm8k-142,0
codellama,gsm8k-143,0
codellama,gsm8k-144,0
codellama,gsm8k-145,0
codellama,gsm8k-146,0
codellama,gsm8k-147,0
codellama,gsm8k-148,0
codellama,gsm8k-149,1
codellama,gsm8k-150,0
codellama,gsm8k-151,1
codellama,gsm8k-152,1
codellama,gsm8k-153,0
codellama,gsm8k-154,0
codellama,gsm8k-155,0
codellama,gsm8k-156,1
codellama,gsm8k-157,0
codellama,gsm8k-158,1
codellama,gsm8k-159,0
codellama,gsm8k-160,1
codellama,gsm8k-161,0
codellama,gsm8k-162,0
codellama,gsm8k-163,0
codellama,gsm8k-164,1
codellama,gsm8k-165,0
codellama,gsm8k-166,1
codellama,gsm8k-167,0
codellama,gsm8k-168,0
codellama,gsm8k-169,1
codellama,gsm8k-170,0
codellama,gsm8k-171,0
codellama,gsm8k-172,0
codellama,gsm8k-173,1
codellama,gsm8k-174,0
codellama,gsm8k-175,0
codellama,gsm8k-176,1
codellama,gsm8k-177,0
codellama,gsm8k-178,1
codellama,gsm8k-179,1
codellama,gsm8k-180,1
codellama,gsm8k-181,1
codellama,gsm8k-182,0
codellama,gsm8k-183,0
codellama,gsm8k-184,0
codellama,gsm8k-185,1
codellama,gsm8k-186,0
codellama,gsm8k-187,1
codellama,gsm8k-188,0
codellama,gsm8k-189,0
codellama,gsm8k-190,0
codellama,gsm8k-191,1
codellama,gsm8k-192,0
codellama,gsm8k-193,1
codellama,gsm8k-194,1
codellama,gsm8k-195,0
codellama,gsm8k-196,0
codellama,gsm8k-197,1
codellama,gsm8k-198,0
codellama,gsm8k-199,0
codellama,gsm8k-200,1
codellama,gsm8k-201,0
codellama,gsm8k-202,1
codellama,gsm8k-203,0
codellama,gsm8k-204,1
codellama,gsm8k-205,0
codellama,gsm8k-206,1
codellama,gsm8k-207,1
codellama,gsm8k-208,1
codellama,gsm8k-209,0
codellama,gsm8k-210,0
codellama,gsm8k-211,0
codellama,gsm8k-212,0
codellama,gsm8k-213,0
codellama,gsm8k-214,0
codellama,gsm8k-215,1
codellama,gsm8k-216,0
codellama,gsm8k-217,0
codellama,gsm8k-218,0
codellama,gsm8k-219,0
codellama,gsm8k-220,1
codellama,gsm8k-221,1
codellama,gsm8k-222,0
codellama,gsm8k-223,1
codellama,gsm8k-224,1
codellama,gsm8k-225,1
codellama,gsm8k-226,0
codellama,gsm8k-227,0
codellama,gsm8k-228,1
codellama,gsm8k-229,0
codellama,gsm8k-230,0
codellama,gsm8k-231,1
codellama,gsm8k-232,1
codellama,gsm8k-233,1
codellama,gsm8k-234,0
codellama,gsm8k-235,0
codellama,gsm8k-236,0
codellama,gsm8k-237,1
codellama,gsm8k-238,0
codellama,gsm8k-239,1
codellama,gsm8k-240,0
codellama,gsm8k-241,1
codellama,gsm8k-242,0
codellama,gsm8k-243,0
codellama,gsm8k-244,0
codellama,gsm8k-245,0
codellama,gsm8k-246,1
codellama,gsm8k-247,0
codellama,gsm8k-248,1
codellama,gsm8k-249,0
codellama,gsm8k-250,0
codellama,gsm8k-251,1
codellama,gsm8k-252,0
codellama,gsm8k-253,1
codellama,gsm8k-254,0
codellama,gsm8k-255,0
codellama,gsm8k-256,1
codellama,gsm8k-257,1
codellama,gsm8k-258,1
codellama,gsm8k-259,0
codellama,gsm8k-260,0
codellama,gsm8k-261,0
codellama,gsm8k-262,1
codellama,gsm8k-263,0
codellama,gsm8k-264,0
codellama,gsm8k-265,1
codellama,gsm8k-266,0
codellama,gsm8k-267,0
codellama,gsm8k-268,1
codellama,gsm8k-269,1
codellama,gsm8k-270,1
codellama,gsm8k-271,1
codellama,gsm8k-272,0
codellama,gsm8k-273,1
codellama,gsm8k-274,1
codellama,gsm8k-275,0
codellama,gsm8k-276,0
codellama,gsm8k-277,1
codellama,gsm8k-278,1
codellama,gsm8k-279,0
codellama,gsm8k-280,1
codellama,gsm8k-281,1
codellama,gsm8k-282,1
codellama,gsm8k-283,1
codellama,gsm8k-284,0
codellama,gsm8k-285,1
codellama,gsm8k-286,0
codellama,gsm8k-287,0
codellama,gsm8k-288,1
codellama,gsm8k-289,1
codellama,gsm8k-290,0
codellama,gsm8k-291,1
codellama,gsm8k-292,1
codellama,gsm8k-293,0
codellama,gsm8k-294,1
codellama,gsm8k-295,0
codellama,gsm8k-296,0
codellama,gsm8k-297,0
codellama,gsm8k-298,0
codellama,gsm8k-299,0
codellama,gsm8k-300,1
codellama,gsm8k-301,0
codellama,gsm8k-302,1
codellama,gsm8k-303,0
codellama,gsm8k-304,0
codellama,gsm8k-305,1
codellama,gsm8k-306,1
codellama,gsm8k-307,0
codellama,gsm8k-308,0
codellama,gsm8k-309,1
codellama,gsm8k-310,0
codellama,gsm8k-311,1
codellama,gsm8k-312,1
codellama,gsm8k-313,0
codellama,gsm8k-314,0
codellama,gsm8k-315,0
codellama,gsm8k-316,0
codellama,gsm8k-317,0
codellama,gsm8k-318,1
codellama,gsm8k-319,1
codellama,gsm8k-320,0
codellama,gsm8k-321,1
codellama,gsm8k-322,0
codellama,gsm8k-323,1
codellama,gsm8k-324,0
codellama,gsm8k-325,0
codellama,gsm8k-326,0
codellama,gsm8k-327,1
codellama,gsm8k-328,0
codellama,gsm8k-329,1
codellama,gsm8k-330,0
codellama,gsm8k-331,0
codellama,gsm8k-332,1
codellama,gsm8k-333,0
codellama,gsm8k-334,0
codellama,gsm8k-335,1
codellama,gsm8k-336,1
codellama,gsm8k-337,1
codellama,gsm8k-338,1
codellama,gsm8k-339,0
codellama,gsm8k-340,0
codellama,gsm8k-341,0
codellama,gsm8k-342,1
codellama,gsm8k-343,0
codellama,gsm8k-344,0
codellama,gsm8k-345,1
codellama,gsm8k-346,1
codellama,gsm8k-347,1
codellama,gsm8k-348,1
codellama,gsm8k-349,1
codellama,gsm8k-350,1
codellama,gsm8k-351,1
codellama,gsm8k-352,1
codellama,gsm8k-353,0
codellama,gsm8k-354,0
codellama,gsm8k-355,1
codellama,gsm8k-356,1
codellama,gsm8k-357,0
codellama,gsm8k-358,0
codellama,gsm8k-359,0
codellama,gsm8k-360,0
codellama,gsm8k-361,0
codellama,gsm8k-362,0
codellama,gsm8k-363,0
codellama,gsm8k-364,0
codellama,gsm8k-365,1
codellama,gsm8k-366,1
codellama,gsm8k-367,0
codellama,gsm8k-368,0
codellama,gsm8k-369,0
codellama,gsm8k-370,0
codellama,gsm8k-371,0
codellama,gsm8k-372,1
codellama,gsm8k-373,1
codellama,gsm8k-374,0
codellama,gsm8k-375,1
codellama,gsm8k-376,0
codellama,gsm8k-377,1
codellama,gsm8k-378,1
codellama,gsm8k-379,0
codellama,gsm8k-380,0
codellama,gsm8k-381,1
codellama,gsm8k-382,0
codellama,gsm8k-383,0
codellama,gsm8k-384,0
codellama,gsm8k-385,1
codellama,gsm8k-386,0
codellama,gsm8k-387,1
codellama,gsm8k-388,1
codellama,gsm8k-389,0
codellama,gsm8k-390,1
codellama,gsm8k-391,0
codellama,gsm8k-392,0
codellama,gsm8k-393,1
codellama,gsm8k-394,0
codellama,gsm8k-395,0
codellama,gsm8k-396,0
codellama,gsm8k-397,1
codellama,gsm8k-398,0
codellama,gsm8k-399,0
codellama,gsm8k-400,1
codellama,gsm8k-401,1
codellama,gsm8k-402,1
codellama,gsm8k-403,0
codellama,gsm8k-404,0
codellama,gsm8k-405,1
codellama,gsm8k-406,0
codellama,gsm8k-407,0
codellama,gsm8k-408,1
codellama,gsm8k-409,0
codellama,gsm8k-410,0
codellama,gsm8k-411,1
codellama,gsm8k-412,1
codellama,gsm8k-413,0
codellama,gsm8k-414,0
codellama,gsm8k-415,0
codellama,gsm8k-416,0
codellama,gsm8k-417,0
codellama,gsm8k-418,1
codellama,gsm8k-419,0
codellama,gsm8k-420,1
codellama,gsm8k-421,1
codellama,gsm8k-422,0
codellama,gsm8k-423,0
codellama,gsm8k-424,1
codellama,gsm8k-425,0
codellama,gsm8k-426,1
codellama,gsm8k-427,0
codellama,gsm8k-428,0
codellama,gsm8k-429,0
codellama,gsm8k-430,0
codellama,gsm8k-431,1
codellama,gsm8k-432,1
codellama,gsm8k-433,0
codellama,gsm8k-434,0
codellama,gsm8k-435,1
codellama,gsm8k-436,0
codellama,gsm8k-437,1
codellama,gsm8k-438,0
codellama,gsm8k-439,0
codellama,gsm8k-440,0
codellama,gsm8k-441,0
codellama,gsm8k-442,0
codellama,gsm8k-443,0
codellama,gsm8k-444,1
codellama,gsm8k-445,0
codellama,gsm8k-446,1
codellama,gsm8k-447,1
codellama,gsm8k-448,0
codellama,gsm8k-449,1
codellama,gsm8k-450,0
codellama,gsm8k-451,0
codellama,gsm8k-452,1
codellama,gsm8k-453,0
codellama,gsm8k-454,0
codellama,gsm8k-455,0
codellama,gsm8k-456,0
codellama,gsm8k-457,1
codellama,gsm8k-458,0
codellama,gsm8k-459,1
codellama,gsm8k-460,0
codellama,gsm8k-461,1
codellama,gsm8k-462,1
codellama,gsm8k-463,1
codellama,gsm8k-464,1
codellama,gsm8k-465,1
codellama,gsm8k-466,0
codellama,gsm8k-467,0
codellama,gsm8k-468,0
codellama,gsm8k-469,1
codellama,gsm8k-470,1
codellama,gsm8k-471,0
codellama,gsm8k-472,1
codellama,gsm8k-473,1
codellama,gsm8k-474,0
codellama,gsm8k-475,0
codellama,gsm8k-476,1
codellama,gsm8k-477,0
codellama,gsm8k-478,1
codellama,gsm8k-479,1
codellama,gsm8k-480,1
codellama,gsm8k-481,1
codellama,gsm8k-482,1
codellama,gsm8k-483,1
codellama,gsm8k-484,1
codellama,gsm8k-485,0
codellama,gsm8k-486,1
codellama,gsm8k-487,0
codellama,gsm8k-488,0
codellama,gsm8k-489,0
codellama,gsm8k-490,1
codellama,gsm8k-491,1
codellama,gsm8k-492,1
codellama,gsm8k-493,0
codellama,gsm8k-494,0
codellama,gsm8k-495,1
codellama,gsm8k-496,0
codellama,gsm8k-497,1
codellama,gsm8k-498,1
codellama,gsm8k-499,0
codellama,gsm8k-500,0
codellama,gsm8k-501,1
codellama,gsm8k-502,1
codellama,gsm8k-503,1
codellama,gsm8k-504,1
codellama,gsm8k-505,0
codellama,gsm8k-506,0
codellama,gsm8k-507,0
codellama,gsm8k-508,1
codellama,gsm8k-509,1
codellama,gsm8k-510,0
codellama,gsm8k-511,1
codellama,gsm8k-512,0
codellama,gsm8k-513,1
codellama,gsm8k-514,0
codellama,gsm8k-515,0
codellama,gsm8k-516,1
codellama,gsm8k-517,1
codellama,gsm8k-518,0
codellama,gsm8k-519,0
codellama,gsm8k-520,1
codellama,gsm8k-521,0
codellama,gsm8k-522,0
codellama,gsm8k-523,0
codellama,gsm8k-524,1
codellama,gsm8k-525,0
codellama,gsm8k-526,0
codellama,gsm8k-527,0
codellama,gsm8k-528,0
codellama,gsm8k-529,1
codellama,gsm8k-530,1
codellama,gsm8k-531,0
codellama,gsm8k-532,0
codellama,gsm8k-533,1
codellama,gsm8k-534,0
codellama,gsm8k-535,0
codellama,gsm8k-536,1
codellama,gsm8k-537,1
codellama,gsm8k-538,1
codellama,gsm8k-539,0
codellama,gsm8k-540,1
codellama,gsm8k-541,0
codellama,gsm8k-542,0
codellama,gsm8k-543,1
codellama,gsm8k-544,0
codellama,gsm8k-545,1
codellama,gsm8k-546,0
codellama,gsm8k-547,1
codellama,gsm8k-548,0
codellama,gsm8k-549,0
codellama,gsm8k-550,0
codellama,gsm8k-551,1
codellama,gsm8k-552,0
codellama,gsm8k-553,1
codellama,gsm8k-554,0
codellama,gsm8k-555,1
codellama,gsm8k-556,1
codellama,gsm8k-557,0
codellama,gsm8k-558,1
codellama,gsm8k-559,0
codellama,gsm8k-560,1
codellama,gsm8k-561,0
codellama,gsm8k-562,1
codellama,gsm8k-563,0
codellama,gsm8k-564,0
codellama,gsm8k-565,1
codellama,gsm8k-566,0
codellama,gsm8k-567,0
codellama,gsm8k-568,0
codellama,gsm8k-569,1
codellama,gsm8k-570,0
codellama,gsm8k-571,0
codellama,gsm8k-572,1
codellama,gsm8k-573,1
codellama,gsm8k-574,0
codellama,gsm8k-575,0
codellama,gsm8k-576,0
codellama,gsm8k-577,0
codellama,gsm8k-578,0
codellama,gsm8k-579,1
codellama,gsm8k-580,0
codellama,gsm8k-581,1
codellama,gsm8k-582,0
codellama,gsm8k-583,0
codellama,gsm8k-584,0
codellama,gsm8k-585,0
codellama,gsm8k-586,1
codellama,gsm8k-587,0
codellama,gsm8k-588,0
codellama,gsm8k-589,0
codellama,gsm8k-590,0
codellama,gsm8k-591,1
codellama,gsm8k-592,1
codellama,gsm8k-593,0
codellama,gsm8k-594,1
codellama,gsm8k-595,0
codellama,gsm8k-596,0
codellama,gsm8k-597,0
codellama,gsm8k-598,1
codellama,gsm8k-599,0
codellama,gsm8k-600,1
codellama,gsm8k-601,0
codellama,gsm8k-602,1
codellama,gsm8k-603,0
codellama,gsm8k-604,1
codellama,gsm8k-605,0
codellama,gsm8k-606,0
codellama,gsm8k-607,0
codellama,gsm8k-608,1
codellama,gsm8k-609,0
codellama,gsm8k-610,0
codellama,gsm8k-611,0
codellama,gsm8k-612,0
codellama,gsm8k-613,0
codellama,gsm8k-614,1
codellama,gsm8k-615,1
codellama,gsm8k-616,1
codellama,gsm8k-617,1
codellama,gsm8k-618,0
codellama,gsm8k-619,0
codellama,gsm8k-620,1
codellama,gsm8k-621,0
codellama,gsm8k-622,1
codellama,gsm8k-623,1
codellama,gsm8k-624,1
codellama,gsm8k-625,1
codellama,gsm8k-626,0
codellama,gsm8k-627,0
codellama,gsm8k-628,0
codellama,gsm8k-629,0
codellama,gsm8k-630,1
codellama,gsm8k-631,1
codellama,gsm8k-632,1
codellama,gsm8k-633,0
codellama,gsm8k-634,1
codellama,gsm8k-635,0
codellama,gsm8k-636,0
codellama,gsm8k-637,1
codellama,gsm8k-638,0
codellama,gsm8k-639,1
codellama,gsm8k-640,0
codellama,gsm8k-641,0
codellama,gsm8k-642,1
codellama,gsm8k-643,1
codellama,gsm8k-644,0
codellama,gsm8k-645,1
codellama,gsm8k-646,1
codellama,gsm8k-647,1
codellama,gsm8k-648,1
codellama,gsm8k-649,0
codellama,gsm8k-650,0
codellama,gsm8k-651,0
codellama,gsm8k-652,0
codellama,gsm8k-653,1
codellama,gsm8k-654,0
codellama,gsm8k-655,0
codellama,gsm8k-656,0
codellama,gsm8k-657,0
codellama,gsm8k-658,0
codellama,gsm8k-659,1
codellama,gsm8k-660,0
codellama,gsm8k-661,0
codellama,gsm8k-662,0
codellama,gsm8k-663,0
codellama,gsm8k-664,1
codellama,gsm8k-665,1
codellama,gsm8k-666,0
codellama,gsm8k-667,1
codellama,gsm8k-668,1
codellama,gsm8k-669,0
codellama,gsm8k-670,0
codellama,gsm8k-671,1
codellama,gsm8k-672,0
codellama,gsm8k-673,0
codellama,gsm8k-674,1
codellama,gsm8k-675,0
codellama,gsm8k-676,0
codellama,gsm8k-677,1
codellama,gsm8k-678,1
codellama,gsm8k-679,1
codellama,gsm8k-680,1
codellama,gsm8k-681,0
codellama,gsm8k-682,0
codellama,gsm8k-683,0
codellama,gsm8k-684,1
codellama,gsm8k-685,1
codellama,gsm8k-686,1
codellama,gsm8k-687,0
codellama,gsm8k-688,1
codellama,gsm8k-689,0
codellama,gsm8k-690,0
codellama,gsm8k-691,0
codellama,gsm8k-692,0
codellama,gsm8k-693,1
codellama,gsm8k-694,1
codellama,gsm8k-695,1
codellama,gsm8k-696,0
codellama,gsm8k-697,1
codellama,gsm8k-698,0
codellama,gsm8k-699,1
codellama,gsm8k-700,0
codellama,gsm8k-701,0
codellama,gsm8k-702,0
codellama,gsm8k-703,0
codellama,gsm8k-704,0
codellama,gsm8k-705,1
codellama,gsm8k-706,0
codellama,gsm8k-707,0
codellama,gsm8k-708,1
codellama,gsm8k-709,0
codellama,gsm8k-710,0
codellama,gsm8k-711,0
codellama,gsm8k-712,0
codellama,gsm8k-713,1
codellama,gsm8k-714,0
codellama,gsm8k-715,1
codellama,gsm8k-716,1
codellama,gsm8k-717,1
codellama,gsm8k-718,1
codellama,gsm8k-719,1
codellama,gsm8k-720,1
codellama,gsm8k-721,0
codellama,gsm8k-722,0
codellama,gsm8k-723,1
codellama,gsm8k-724,0
codellama,gsm8k-725,0
codellama,gsm8k-726,0
codellama,gsm8k-727,0
codellama,gsm8k-728,0
codellama,gsm8k-729,0
codellama,gsm8k-730,0
codellama,gsm8k-731,0
codellama,gsm8k-732,1
codellama,gsm8k-733,0
codellama,gsm8k-734,0
codellama,gsm8k-735,0
codellama,gsm8k-736,0
codellama,gsm8k-737,0
codellama,gsm8k-738,1
codellama,gsm8k-739,1
codellama,gsm8k-740,0
codellama,gsm8k-741,1
codellama,gsm8k-742,0
codellama,gsm8k-743,1
codellama,gsm8k-744,0
codellama,gsm8k-745,0
codellama,gsm8k-746,0
codellama,gsm8k-747,1
codellama,gsm8k-748,0
codellama,gsm8k-749,0
codellama,gsm8k-750,0
codellama,gsm8k-751,0
codellama,gsm8k-752,0
codellama,gsm8k-753,0
codellama,gsm8k-754,0
codellama,gsm8k-755,0
codellama,gsm8k-756,0
codellama,gsm8k-757,0
codellama,gsm8k-758,1
codellama,gsm8k-759,1
codellama,gsm8k-760,0
codellama,gsm8k-761,1
codellama,gsm8k-762,1
codellama,gsm8k-763,0
codellama,gsm8k-764,1
codellama,gsm8k-765,1
codellama,gsm8k-766,1
codellama,gsm8k-767,1
codellama,gsm8k-768,0
codellama,gsm8k-769,0
codellama,gsm8k-770,0
codellama,gsm8k-771,1
codellama,gsm8k-772,0
codellama,gsm8k-773,0
codellama,gsm8k-774,1
codellama,gsm8k-775,1
codellama,gsm8k-776,1
codellama,gsm8k-777,0
codellama,gsm8k-778,0
codellama,gsm8k-779,0
codellama,gsm8k-780,0
codellama,gsm8k-781,0
codellama,gsm8k-782,0
codellama,gsm8k-783,0
codellama,gsm8k-784,0
codellama,gsm8k-785,1
codellama,gsm8k-786,1
codellama,gsm8k-787,1
codellama,gsm8k-788,1
codellama,gsm8k-789,0
codellama,gsm8k-790,0
codellama,gsm8k-791,1
codellama,gsm8k-792,0
codellama,gsm8k-793,1
codellama,gsm8k-794,1
codellama,gsm8k-795,1
codellama,gsm8k-796,0
codellama,gsm8k-797,1
codellama,gsm8k-798,0
codellama,gsm8k-799,0
codellama,gsm8k-800,0
codellama,gsm8k-801,1
codellama,gsm8k-802,0
codellama,gsm8k-803,0
codellama,gsm8k-804,1
codellama,gsm8k-805,1
codellama,gsm8k-806,0
codellama,gsm8k-807,0
codellama,gsm8k-808,0
codellama,gsm8k-809,1
codellama,gsm8k-810,0
codellama,gsm8k-811,1
codellama,gsm8k-812,0
codellama,gsm8k-813,0
codellama,gsm8k-814,0
codellama,gsm8k-815,0
codellama,gsm8k-816,1
codellama,gsm8k-817,1
codellama,gsm8k-818,0
codellama,gsm8k-819,1
codellama,gsm8k-820,1
codellama,gsm8k-821,0
codellama,gsm8k-822,1
codellama,gsm8k-823,0
codellama,gsm8k-824,1
codellama,gsm8k-825,0
codellama,gsm8k-826,1
codellama,gsm8k-827,0
codellama,gsm8k-828,0
codellama,gsm8k-829,0
codellama,gsm8k-830,0
codellama,gsm8k-831,0
codellama,gsm8k-832,1
codellama,gsm8k-833,1
codellama,gsm8k-834,1
codellama,gsm8k-835,0
codellama,gsm8k-836,1
codellama,gsm8k-837,0
codellama,gsm8k-838,1
codellama,gsm8k-839,0
codellama,gsm8k-840,0
codellama,gsm8k-841,0
codellama,gsm8k-842,1
codellama,gsm8k-843,0
codellama,gsm8k-844,0
codellama,gsm8k-845,1
codellama,gsm8k-846,0
codellama,gsm8k-847,0
codellama,gsm8k-848,1
codellama,gsm8k-849,1
codellama,gsm8k-850,1
codellama,gsm8k-851,0
codellama,gsm8k-852,1
codellama,gsm8k-853,0
codellama,gsm8k-854,0
codellama,gsm8k-855,0
codellama,gsm8k-856,1
codellama,gsm8k-857,0
codellama,gsm8k-858,0
codellama,gsm8k-859,1
codellama,gsm8k-860,1
codellama,gsm8k-861,0
codellama,gsm8k-862,0
codellama,gsm8k-863,0
codellama,gsm8k-864,0
codellama,gsm8k-865,0
codellama,gsm8k-866,0
codellama,gsm8k-867,1
codellama,gsm8k-868,1
codellama,gsm8k-869,1
codellama,gsm8k-870,0
codellama,gsm8k-871,0
codellama,gsm8k-872,0
codellama,gsm8k-873,0
codellama,gsm8k-874,0
codellama,gsm8k-875,1
codellama,gsm8k-876,0
codellama,gsm8k-877,0
codellama,gsm8k-878,0
codellama,gsm8k-879,1
codellama,gsm8k-880,1
codellama,gsm8k-881,0
codellama,gsm8k-882,0
codellama,gsm8k-883,0
codellama,gsm8k-884,1
codellama,gsm8k-885,1
codellama,gsm8k-886,0
codellama,gsm8k-887,1
codellama,gsm8k-888,1
codellama,gsm8k-889,1
codellama,gsm8k-890,0
codellama,gsm8k-891,1
codellama,gsm8k-892,0
codellama,gsm8k-893,1
codellama,gsm8k-894,0
codellama,gsm8k-895,1
codellama,gsm8k-896,1
codellama,gsm8k-897,0
codellama,gsm8k-898,0
codellama,gsm8k-899,1
codellama,gsm8k-900,0
codellama,gsm8k-901,0
codellama,gsm8k-902,1
codellama,gsm8k-903,0
codellama,gsm8k-904,1
codellama,gsm8k-905,0
codellama,gsm8k-906,0
codellama,gsm8k-907,1
codellama,gsm8k-908,1
codellama,gsm8k-909,0
codellama,gsm8k-910,1
codellama,gsm8k-911,1
codellama,gsm8k-912,0
codellama,gsm8k-913,0
codellama,gsm8k-914,1
codellama,gsm8k-915,0
codellama,gsm8k-916,0
codellama,gsm8k-917,0
codellama,gsm8k-918,1
codellama,gsm8k-919,1
codellama,gsm8k-920,0
codellama,gsm8k-921,0
codellama,gsm8k-922,1
codellama,gsm8k-923,0
codellama,gsm8k-924,0
codellama,gsm8k-925,1
codellama,gsm8k-926,0
codellama,gsm8k-927,0
codellama,gsm8k-928,0
codellama,gsm8k-929,1
codellama,gsm8k-930,1
codellama,gsm8k-931,0
codellama,gsm8k-932,0
codellama,gsm8k-933,1
codellama,gsm8k-934,1
codellama,gsm8k-935,0
codellama,gsm8k-936,0
codellama,gsm8k-937,0
codellama,gsm8k-938,1
codellama,gsm8k-939,0
codellama,gsm8k-940,0
codellama,gsm8k-941,1
codellama,gsm8k-942,0
codellama,gsm8k-943,0
codellama,gsm8k-944,1
codellama,gsm8k-945,0
codellama,gsm8k-946,1
codellama,gsm8k-947,1
codellama,gsm8k-948,0
codellama,gsm8k-949,1
codellama,gsm8k-950,0
codellama,gsm8k-951,0
codellama,gsm8k-952,0
codellama,gsm8k-953,0
codellama,gsm8k-954,0
codellama,gsm8k-955,0
codellama,gsm8k-956,1
codellama,gsm8k-957,0
codellama,gsm8k-958,0
codellama,gsm8k-959,0
codellama,gsm8k-960,0
codellama,gsm8k-961,0
codellama,gsm8k-962,1
codellama,gsm8k-963,0
codellama,gsm8k-964,1
codellama,gsm8k-965,0
codellama,gsm8k-966,0
codellama,gsm8k-967,1
codellama,gsm8k-968,0
codellama,gsm8k-969,1
codellama,gsm8k-970,0
codellama,gsm8k-971,0
codellama,gsm8k-972,0
codellama,gsm8k-973,0
codellama,gsm8k-974,0
codellama,gsm8k-975,1
codellama,gsm8k-976,0
codellama,gsm8k-977,1
codellama,gsm8k-978,0
codellama,gsm8k-979,0
codellama,gsm8k-980,0
codellama,gsm8k-981,0
codellama,gsm8k-982,1
codellama,gsm8k-983,0
codellama,gsm8k-984,0
codellama,gsm8k-985,1
codellama,gsm8k-986,0
codellama,gsm8k-987,0
codellama,gsm8k-988,1
codellama,gsm8k-989,1
codellama,gsm8k-990,1
codellama,gsm8k-991,0
codellama,gsm8k-992,1
codellama,gsm8k-993,0
codellama,gsm8k-994,1
codellama,gsm8k-995,1
codellama,gsm8k-996,0
codellama,gsm8k-997,0
codellama,gsm8k-998,1
codellama,gsm8k-999,0
codellama,gsm8k-1000,0
codellama,gsm8k-1001,0
codellama,gsm8k-1002,0
codellama,gsm8k-1003,0
codellama,gsm8k-1004,0
codellama,gsm8k-1005,0
codellama,gsm8k-1006,0
codellama,gsm8k-1007,0
codellama,gsm8k-1008,0
codellama,gsm8k-1009,0
codellama,gsm8k-1010,1
codellama,gsm8k-1011,0
codellama,gsm8k-1012,0
codellama,gsm8k-1013,1
codellama,gsm8k-1014,0
codellama,gsm8k-1015,0
codellama,gsm8k-1016,0
codellama,gsm8k-1017,0
codellama,gsm8k-1018,0
codellama,gsm8k-1019,0
codellama,gsm8k-1020,1
codellama,gsm8k-1021,1
codellama,gsm8k-1022,0
codellama,gsm8k-1023,1
codellama,gsm8k-1024,1
codellama,gsm8k-1025,0
codellama,gsm8k-1026,0
codellama,gsm8k-1027,0
codellama,gsm8k-1028,0
codellama,gsm8k-1029,1
codellama,gsm8k-1030,0
codellama,gsm8k-1031,0
codellama,gsm8k-1032,1
codellama,gsm8k-1033,0
codellama,gsm8k-1034,1
codellama,gsm8k-1035,0
codellama,gsm8k-1036,0
codellama,gsm8k-1037,0
codellama,gsm8k-1038,0
codellama,gsm8k-1039,0
codellama,gsm8k-1040,0
codellama,gsm8k-1041,1
codellama,gsm8k-1042,0
codellama,gsm8k-1043,1
codellama,gsm8k-1044,0
codellama,gsm8k-1045,0
codellama,gsm8k-1046,0
codellama,gsm8k-1047,0
codellama,gsm8k-1048,0
codellama,gsm8k-1049,1
codellama,gsm8k-1050,1
codellama,gsm8k-1051,0
codellama,gsm8k-1052,0
codellama,gsm8k-1053,1
codellama,gsm8k-1054,1
codellama,gsm8k-1055,1
codellama,gsm8k-1056,0
codellama,gsm8k-1057,1
codellama,gsm8k-1058,1
codellama,gsm8k-1059,0
codellama,gsm8k-1060,1
codellama,gsm8k-1061,0
codellama,gsm8k-1062,0
codellama,gsm8k-1063,1
codellama,gsm8k-1064,0
codellama,gsm8k-1065,1
codellama,gsm8k-1066,1
codellama,gsm8k-1067,0
codellama,gsm8k-1068,0
codellama,gsm8k-1069,1
codellama,gsm8k-1070,0
codellama,gsm8k-1071,0
codellama,gsm8k-1072,1
codellama,gsm8k-1073,0
codellama,gsm8k-1074,1
codellama,gsm8k-1075,0
codellama,gsm8k-1076,1
codellama,gsm8k-1077,0
codellama,gsm8k-1078,1
codellama,gsm8k-1079,0
codellama,gsm8k-1080,0
codellama,gsm8k-1081,1
codellama,gsm8k-1082,1
codellama,gsm8k-1083,0
codellama,gsm8k-1084,1
codellama,gsm8k-1085,1
codellama,gsm8k-1086,0
codellama,gsm8k-1087,1
codellama,gsm8k-1088,0
codellama,gsm8k-1089,0
codellama,gsm8k-1090,1
codellama,gsm8k-1091,1
codellama,gsm8k-1092,0
codellama,gsm8k-1093,0
codellama,gsm8k-1094,0
codellama,gsm8k-1095,0
codellama,gsm8k-1096,0
codellama,gsm8k-1097,1
codellama,gsm8k-1098,1
codellama,gsm8k-1099,1
codellama,gsm8k-1100,0
codellama,gsm8k-1101,1
codellama,gsm8k-1102,0
codellama,gsm8k-1103,0
codellama,gsm8k-1104,0
codellama,gsm8k-1105,0
codellama,gsm8k-1106,1
codellama,gsm8k-1107,0
codellama,gsm8k-1108,1
codellama,gsm8k-1109,0
codellama,gsm8k-1110,0
codellama,gsm8k-1111,1
codellama,gsm8k-1112,1
codellama,gsm8k-1113,0
codellama,gsm8k-1114,0
codellama,gsm8k-1115,1
codellama,gsm8k-1116,1
codellama,gsm8k-1117,1
codellama,gsm8k-1118,0
codellama,gsm8k-1119,0
codellama,gsm8k-1120,0
codellama,gsm8k-1121,0
codellama,gsm8k-1122,0
codellama,gsm8k-1123,1
codellama,gsm8k-1124,0
codellama,gsm8k-1125,0
codellama,gsm8k-1126,0
codellama,gsm8k-1127,1
codellama,gsm8k-1128,0
codellama,gsm8k-1129,0
codellama,gsm8k-1130,0
codellama,gsm8k-1131,1
codellama,gsm8k-1132,0
codellama,gsm8k-1133,0
codellama,gsm8k-1134,1
codellama,gsm8k-1135,1
codellama,gsm8k-1136,0
codellama,gsm8k-1137,0
codellama,gsm8k-1138,0
codellama,gsm8k-1139,1
codellama,gsm8k-1140,0
codellama,gsm8k-1141,1
codellama,gsm8k-1142,0
codellama,gsm8k-1143,1
codellama,gsm8k-1144,0
codellama,gsm8k-1145,0
codellama,gsm8k-1146,0
codellama,gsm8k-1147,0
codellama,gsm8k-1148,1
codellama,gsm8k-1149,0
codellama,gsm8k-1150,1
codellama,gsm8k-1151,1
codellama,gsm8k-1152,0
codellama,gsm8k-1153,0
codellama,gsm8k-1154,1
codellama,gsm8k-1155,0
codellama,gsm8k-1156,0
codellama,gsm8k-1157,0
codellama,gsm8k-1158,0
codellama,gsm8k-1159,0
codellama,gsm8k-1160,1
codellama,gsm8k-1161,0
codellama,gsm8k-1162,0
codellama,gsm8k-1163,1
codellama,gsm8k-1164,1
codellama,gsm8k-1165,0
codellama,gsm8k-1166,0
codellama,gsm8k-1167,1
codellama,gsm8k-1168,0
codellama,gsm8k-1169,0
codellama,gsm8k-1170,0
codellama,gsm8k-1171,0
codellama,gsm8k-1172,0
codellama,gsm8k-1173,0
codellama,gsm8k-1174,0
codellama,gsm8k-1175,0
codellama,gsm8k-1176,0
codellama,gsm8k-1177,1
codellama,gsm8k-1178,1
codellama,gsm8k-1179,0
codellama,gsm8k-1180,0
codellama,gsm8k-1181,0
codellama,gsm8k-1182,0
codellama,gsm8k-1183,0
codellama,gsm8k-1184,1
codellama,gsm8k-1185,1
codellama,gsm8k-1186,1
codellama,gsm8k-1187,0
codellama,gsm8k-1188,0
codellama,gsm8k-1189,1
codellama,gsm8k-1190,0
codellama,gsm8k-1191,0
codellama,gsm8k-1192,1
codellama,gsm8k-1193,0
codellama,gsm8k-1194,1
codellama,gsm8k-1195,0
codellama,gsm8k-1196,1
codellama,gsm8k-1197,1
codellama,gsm8k-1198,0
codellama,gsm8k-1199,0
codellama,gsm8k-1200,1
codellama,gsm8k-1201,0
codellama,gsm8k-1202,0
codellama,gsm8k-1203,1
codellama,gsm8k-1204,0
codellama,gsm8k-1205,0
codellama,gsm8k-1206,1
codellama,gsm8k-1207,1
codellama,gsm8k-1208,0
codellama,gsm8k-1209,1
codellama,gsm8k-1210,1
codellama,gsm8k-1211,0
codellama,gsm8k-1212,0
codellama,gsm8k-1213,0
codellama,gsm8k-1214,1
codellama,gsm8k-1215,0
codellama,gsm8k-1216,0
codellama,gsm8k-1217,0
codellama,gsm8k-1218,1
codellama,gsm8k-1219,1
codellama,gsm8k-1220,1
codellama,gsm8k-1221,1
codellama,gsm8k-1222,1
codellama,gsm8k-1223,1
codellama,gsm8k-1224,1
codellama,gsm8k-1225,0
codellama,gsm8k-1226,0
codellama,gsm8k-1227,1
codellama,gsm8k-1228,1
codellama,gsm8k-1229,1
codellama,gsm8k-1230,0
codellama,gsm8k-1231,0
codellama,gsm8k-1232,0
codellama,gsm8k-1233,1
codellama,gsm8k-1234,0
codellama,gsm8k-1235,0
codellama,gsm8k-1236,0
codellama,gsm8k-1237,0
codellama,gsm8k-1238,0
codellama,gsm8k-1239,0
codellama,gsm8k-1240,0
codellama,gsm8k-1241,0
codellama,gsm8k-1242,0
codellama,gsm8k-1243,1
codellama,gsm8k-1244,0
codellama,gsm8k-1245,0
codellama,gsm8k-1246,0
codellama,gsm8k-1247,1
codellama,gsm8k-1248,0
codellama,gsm8k-1249,0
codellama,gsm8k-1250,1
codellama,gsm8k-1251,0
codellama,gsm8k-1252,0
codellama,gsm8k-1253,0
codellama,gsm8k-1254,1
codellama,gsm8k-1255,0
codellama,gsm8k-1256,0
codellama,gsm8k-1257,1
codellama,gsm8k-1258,0
codellama,gsm8k-1259,0
codellama,gsm8k-1260,1
codellama,gsm8k-1261,1
codellama,gsm8k-1262,1
codellama,gsm8k-1263,0
codellama,gsm8k-1264,0
codellama,gsm8k-1265,0
codellama,gsm8k-1266,0
codellama,gsm8k-1267,0
codellama,gsm8k-1268,1
codellama,gsm8k-1269,0
codellama,gsm8k-1270,0
codellama,gsm8k-1271,1
codellama,gsm8k-1272,0
codellama,gsm8k-1273,0
codellama,gsm8k-1274,1
codellama,gsm8k-1275,0
codellama,gsm8k-1276,0
codellama,gsm8k-1277,1
codellama,gsm8k-1278,0
codellama,gsm8k-1279,0
codellama,gsm8k-1280,1
codellama,gsm8k-1281,0
codellama,gsm8k-1282,1
codellama,gsm8k-1283,0
codellama,gsm8k-1284,1
codellama,gsm8k-1285,0
codellama,gsm8k-1286,0
codellama,gsm8k-1287,0
codellama,gsm8k-1288,0
codellama,gsm8k-1289,0
codellama,gsm8k-1290,0
codellama,gsm8k-1291,1
codellama,gsm8k-1292,1
codellama,gsm8k-1293,1
codellama,gsm8k-1294,1
codellama,gsm8k-1295,0
codellama,gsm8k-1296,1
codellama,gsm8k-1297,0
codellama,gsm8k-1298,0
codellama,gsm8k-1299,0
codellama,gsm8k-1300,0
codellama,gsm8k-1301,0
codellama,gsm8k-1302,1
codellama,gsm8k-1303,0
codellama,gsm8k-1304,1
codellama,gsm8k-1305,1
codellama,gsm8k-1306,0
codellama,gsm8k-1307,1
codellama,gsm8k-1308,1
codellama,gsm8k-1309,0
codellama,gsm8k-1310,0
codellama,gsm8k-1311,0
codellama,gsm8k-1312,0
codellama,gsm8k-1313,0
codellama,gsm8k-1314,0
codellama,gsm8k-1315,1
codellama,gsm8k-1316,0
codellama,gsm8k-1317,0
codellama,gsm8k-1318,1
llama-chat,gsm8k-0,1
llama-chat,gsm8k-1,1
llama-chat,gsm8k-2,0
llama-chat,gsm8k-3,1
llama-chat,gsm8k-4,0
llama-chat,gsm8k-5,0
llama-chat,gsm8k-6,1
llama-chat,gsm8k-7,0
llama-chat,gsm8k-8,0
llama-chat,gsm8k-9,0
llama-chat,gsm8k-10,1
llama-chat,gsm8k-11,0
llama-chat,gsm8k-12,0
llama-chat,gsm8k-13,0
llama-chat,gsm8k-14,1
llama-chat,gsm8k-15,0
llama-chat,gsm8k-16,1
llama-chat,gsm8k-17,0
llama-chat,gsm8k-18,1
llama-chat,gsm8k-19,0
llama-chat,gsm8k-20,0
llama-chat,gsm8k-21,0
llama-chat,gsm8k-22,1
llama-chat,gsm8k-23,1
llama-chat,gsm8k-24,0
llama-chat,gsm8k-25,0
llama-chat,gsm8k-26,0
llama-chat,gsm8k-27,0
llama-chat,gsm8k-28,1
llama-chat,gsm8k-29,0
llama-chat,gsm8k-30,0
llama-chat,gsm8k-31,0
llama-chat,gsm8k-32,1
llama-chat,gsm8k-33,1
llama-chat,gsm8k-34,1
llama-chat,gsm8k-35,1
llama-chat,gsm8k-36,1
llama-chat,gsm8k-37,0
llama-chat,gsm8k-38,1
llama-chat,gsm8k-39,0
llama-chat,gsm8k-40,0
llama-chat,gsm8k-41,1
llama-chat,gsm8k-42,1
llama-chat,gsm8k-43,0
llama-chat,gsm8k-44,1
llama-chat,gsm8k-45,0
llama-chat,gsm8k-46,0
llama-chat,gsm8k-47,0
llama-chat,gsm8k-48,1
llama-chat,gsm8k-49,1
llama-chat,gsm8k-50,0
llama-chat,gsm8k-51,1
llama-chat,gsm8k-52,1
llama-chat,gsm8k-53,0
llama-chat,gsm8k-54,1
llama-chat,gsm8k-55,1
llama-chat,gsm8k-56,1
llama-chat,gsm8k-57,1
llama-chat,gsm8k-58,0
llama-chat,gsm8k-59,1
llama-chat,gsm8k-60,1
llama-chat,gsm8k-61,1
llama-chat,gsm8k-62,1
llama-chat,gsm8k-63,0
llama-chat,gsm8k-64,0
llama-chat,gsm8k-65,1
llama-chat,gsm8k-66,1
llama-chat,gsm8k-67,0
llama-chat,gsm8k-68,1
llama-chat,gsm8k-69,1
llama-chat,gsm8k-70,1
llama-chat,gsm8k-71,1
llama-chat,gsm8k-72,1
llama-chat,gsm8k-73,0
llama-chat,gsm8k-74,0
llama-chat,gsm8k-75,0
llama-chat,gsm8k-76,0
llama-chat,gsm8k-77,0
llama-chat,gsm8k-78,1
llama-chat,gsm8k-79,1
llama-chat,gsm8k-80,1
llama-chat,gsm8k-81,1
llama-chat,gsm8k-82,1
llama-chat,gsm8k-83,1
llama-chat,gsm8k-84,1
llama-chat,gsm8k-85,1
llama-chat,gsm8k-86,1
llama-chat,gsm8k-87,1
llama-chat,gsm8k-88,0
llama-chat,gsm8k-89,0
llama-chat,gsm8k-90,1
llama-chat,gsm8k-91,0
llama-chat,gsm8k-92,0
llama-chat,gsm8k-93,0
llama-chat,gsm8k-94,0
llama-chat,gsm8k-95,0
llama-chat,gsm8k-96,1
llama-chat,gsm8k-97,0
llama-chat,gsm8k-98,0
llama-chat,gsm8k-99,0
llama-chat,gsm8k-100,1
llama-chat,gsm8k-101,0
llama-chat,gsm8k-102,0
llama-chat,gsm8k-103,0
llama-chat,gsm8k-104,1
llama-chat,gsm8k-105,1
llama-chat,gsm8k-106,0
llama-chat,gsm8k-107,0
llama-chat,gsm8k-108,1
llama-chat,gsm8k-109,1
llama-chat,gsm8k-110,1
llama-chat,gsm8k-111,0
llama-chat,gsm8k-112,1
llama-chat,gsm8k-113,1
llama-chat,gsm8k-114,0
llama-chat,gsm8k-115,1
llama-chat,gsm8k-116,0
llama-chat,gsm8k-117,1
llama-chat,gsm8k-118,0
llama-chat,gsm8k-119,0
llama-chat,gsm8k-120,1
llama-chat,gsm8k-121,1
llama-chat,gsm8k-122,0
llama-chat,gsm8k-123,1
llama-chat,gsm8k-124,0
llama-chat,gsm8k-125,0
llama-chat,gsm8k-126,0
llama-chat,gsm8k-127,1
llama-chat,gsm8k-128,1
llama-chat,gsm8k-129,1
llama-chat,gsm8k-130,1
llama-chat,gsm8k-131,1
llama-chat,gsm8k-132,0
llama-chat,gsm8k-133,0
llama-chat,gsm8k-134,0
llama-chat,gsm8k-135,1
llama-chat,gsm8k-136,1
llama-chat,gsm8k-137,0
llama-chat,gsm8k-138,1
llama-chat,gsm8k-139,1
llama-chat,gsm8k-140,1
llama-chat,gsm8k-141,1
llama-chat,gsm8k-142,1
llama-chat,gsm8k-143,0
llama-chat,gsm8k-144,0
llama-chat,gsm8k-145,1
llama-chat,gsm8k-146,1
llama-chat,gsm8k-147,0
llama-chat,gsm8k-148,0
llama-chat,gsm8k-149,0
llama-chat,gsm8k-150,0
llama-chat,gsm8k-151,0
llama-chat,gsm8k-152,1
llama-chat,gsm8k-153,0
llama-chat,gsm8k-154,0
llama-chat,gsm8k-155,0
llama-chat,gsm8k-156,1
llama-chat,gsm8k-157,0
llama-chat,gsm8k-158,1
llama-chat,gsm8k-159,0
llama-chat,gsm8k-160,1
llama-chat,gsm8k-161,0
llama-chat,gsm8k-162,0
llama-chat,gsm8k-163,1
llama-chat,gsm8k-164,1
llama-chat,gsm8k-165,0
llama-chat,gsm8k-166,1
llama-chat,gsm8k-167,0
llama-chat,gsm8k-168,0
llama-chat,gsm8k-169,1
llama-chat,gsm8k-170,1
llama-chat,gsm8k-171,1
llama-chat,gsm8k-172,0
llama-chat,gsm8k-173,1
llama-chat,gsm8k-174,1
llama-chat,gsm8k-175,0
llama-chat,gsm8k-176,1
llama-chat,gsm8k-177,0
llama-chat,gsm8k-178,1
llama-chat,gsm8k-179,1
llama-chat,gsm8k-180,1
llama-chat,gsm8k-181,0
llama-chat,gsm8k-182,0
llama-chat,gsm8k-183,0
llama-chat,gsm8k-184,0
llama-chat,gsm8k-185,1
llama-chat,gsm8k-186,0
llama-chat,gsm8k-187,1
llama-chat,gsm8k-188,0
llama-chat,gsm8k-189,0
llama-chat,gsm8k-190,1
llama-chat,gsm8k-191,1
llama-chat,gsm8k-192,0
llama-chat,gsm8k-193,0
llama-chat,gsm8k-194,0
llama-chat,gsm8k-195,0
llama-chat,gsm8k-196,0
llama-chat,gsm8k-197,1
llama-chat,gsm8k-198,1
llama-chat,gsm8k-199,0
llama-chat,gsm8k-200,1
llama-chat,gsm8k-201,1
llama-chat,gsm8k-202,1
llama-chat,gsm8k-203,0
llama-chat,gsm8k-204,1
llama-chat,gsm8k-205,0
llama-chat,gsm8k-206,1
llama-chat,gsm8k-207,0
llama-chat,gsm8k-208,0
llama-chat,gsm8k-209,0
llama-chat,gsm8k-210,0
llama-chat,gsm8k-211,0
llama-chat,gsm8k-212,0
llama-chat,gsm8k-213,0
llama-chat,gsm8k-214,0
llama-chat,gsm8k-215,1
llama-chat,gsm8k-216,0
llama-chat,gsm8k-217,0
llama-chat,gsm8k-218,1
llama-chat,gsm8k-219,0
llama-chat,gsm8k-220,1
llama-chat,gsm8k-221,1
llama-chat,gsm8k-222,1
llama-chat,gsm8k-223,1
llama-chat,gsm8k-224,1
llama-chat,gsm8k-225,1
llama-chat,gsm8k-226,0
llama-chat,gsm8k-227,0
llama-chat,gsm8k-228,1
llama-chat,gsm8k-229,1
llama-chat,gsm8k-230,1
llama-chat,gsm8k-231,1
llama-chat,gsm8k-232,0
llama-chat,gsm8k-233,0
llama-chat,gsm8k-234,1
llama-chat,gsm8k-235,1
llama-chat,gsm8k-236,0
llama-chat,gsm8k-237,1
llama-chat,gsm8k-238,1
llama-chat,gsm8k-239,1
llama-chat,gsm8k-240,1
llama-chat,gsm8k-241,1
llama-chat,gsm8k-242,0
llama-chat,gsm8k-243,0
llama-chat,gsm8k-244,0
llama-chat,gsm8k-245,0
llama-chat,gsm8k-246,1
llama-chat,gsm8k-247,1
llama-chat,gsm8k-248,1
llama-chat,gsm8k-249,1
llama-chat,gsm8k-250,1
llama-chat,gsm8k-251,1
llama-chat,gsm8k-252,0
llama-chat,gsm8k-253,1
llama-chat,gsm8k-254,0
llama-chat,gsm8k-255,0
llama-chat,gsm8k-256,0
llama-chat,gsm8k-257,1
llama-chat,gsm8k-258,0
llama-chat,gsm8k-259,0
llama-chat,gsm8k-260,1
llama-chat,gsm8k-261,1
llama-chat,gsm8k-262,1
llama-chat,gsm8k-263,1
llama-chat,gsm8k-264,1
llama-chat,gsm8k-265,0
llama-chat,gsm8k-266,1
llama-chat,gsm8k-267,0
llama-chat,gsm8k-268,1
llama-chat,gsm8k-269,1
llama-chat,gsm8k-270,1
llama-chat,gsm8k-271,1
llama-chat,gsm8k-272,0
llama-chat,gsm8k-273,0
llama-chat,gsm8k-274,1
llama-chat,gsm8k-275,0
llama-chat,gsm8k-276,0
llama-chat,gsm8k-277,1
llama-chat,gsm8k-278,1
llama-chat,gsm8k-279,0
llama-chat,gsm8k-280,1
llama-chat,gsm8k-281,1
llama-chat,gsm8k-282,0
llama-chat,gsm8k-283,1
llama-chat,gsm8k-284,1
llama-chat,gsm8k-285,1
llama-chat,gsm8k-286,0
llama-chat,gsm8k-287,0
llama-chat,gsm8k-288,0
llama-chat,gsm8k-289,1
llama-chat,gsm8k-290,0
llama-chat,gsm8k-291,0
llama-chat,gsm8k-292,1
llama-chat,gsm8k-293,0
llama-chat,gsm8k-294,1
llama-chat,gsm8k-295,0
llama-chat,gsm8k-296,0
llama-chat,gsm8k-297,1
llama-chat,gsm8k-298,0
llama-chat,gsm8k-299,1
llama-chat,gsm8k-300,0
llama-chat,gsm8k-301,0
llama-chat,gsm8k-302,1
llama-chat,gsm8k-303,0
llama-chat,gsm8k-304,1
llama-chat,gsm8k-305,1
llama-chat,gsm8k-306,0
llama-chat,gsm8k-307,1
llama-chat,gsm8k-308,0
llama-chat,gsm8k-309,0
llama-chat,gsm8k-310,0
llama-chat,gsm8k-311,0
llama-chat,gsm8k-312,1
llama-chat,gsm8k-313,0
llama-chat,gsm8k-314,0
llama-chat,gsm8k-315,0
llama-chat,gsm8k-316,1
llama-chat,gsm8k-317,1
llama-chat,gsm8k-318,0
llama-chat,gsm8k-319,0
llama-chat,gsm8k-320,0
llama-chat,gsm8k-321,0
llama-chat,gsm8k-322,0
llama-chat,gsm8k-323,1
llama-chat,gsm8k-324,0
llama-chat,gsm8k-325,0
llama-chat,gsm8k-326,1
llama-chat,gsm8k-327,1
llama-chat,gsm8k-328,1
llama-chat,gsm8k-329,1
llama-chat,gsm8k-330,0
llama-chat,gsm8k-331,0
llama-chat,gsm8k-332,1
llama-chat,gsm8k-333,1
llama-chat,gsm8k-334,1
llama-chat,gsm8k-335,1
llama-chat,gsm8k-336,1
llama-chat,gsm8k-337,1
llama-chat,gsm8k-338,0
llama-chat,gsm8k-339,0
llama-chat,gsm8k-340,0
llama-chat,gsm8k-341,0
llama-chat,gsm8k-342,0
llama-chat,gsm8k-343,0
llama-chat,gsm8k-344,1
llama-chat,gsm8k-345,1
llama-chat,gsm8k-346,1
llama-chat,gsm8k-347,0
llama-chat,gsm8k-348,1
llama-chat,gsm8k-349,1
llama-chat,gsm8k-350,0
llama-chat,gsm8k-351,1
llama-chat,gsm8k-352,0
llama-chat,gsm8k-353,0
llama-chat,gsm8k-354,1
llama-chat,gsm8k-355,0
llama-chat,gsm8k-356,0
llama-chat,gsm8k-357,0
llama-chat,gsm8k-358,1
llama-chat,gsm8k-359,0
llama-chat,gsm8k-360,0
llama-chat,gsm8k-361,0
llama-chat,gsm8k-362,1
llama-chat,gsm8k-363,1
llama-chat,gsm8k-364,0
llama-chat,gsm8k-365,0
llama-chat,gsm8k-366,1
llama-chat,gsm8k-367,0
llama-chat,gsm8k-368,0
llama-chat,gsm8k-369,0
llama-chat,gsm8k-370,1
llama-chat,gsm8k-371,1
llama-chat,gsm8k-372,1
llama-chat,gsm8k-373,0
llama-chat,gsm8k-374,0
llama-chat,gsm8k-375,1
llama-chat,gsm8k-376,1
llama-chat,gsm8k-377,0
llama-chat,gsm8k-378,1
llama-chat,gsm8k-379,1
llama-chat,gsm8k-380,0
llama-chat,gsm8k-381,1
llama-chat,gsm8k-382,0
llama-chat,gsm8k-383,0
llama-chat,gsm8k-384,0
llama-chat,gsm8k-385,1
llama-chat,gsm8k-386,0
llama-chat,gsm8k-387,1
llama-chat,gsm8k-388,1
llama-chat,gsm8k-389,0
llama-chat,gsm8k-390,1
llama-chat,gsm8k-391,1
llama-chat,gsm8k-392,1
llama-chat,gsm8k-393,1
llama-chat,gsm8k-394,0
llama-chat,gsm8k-395,0
llama-chat,gsm8k-396,1
llama-chat,gsm8k-397,1
llama-chat,gsm8k-398,1
llama-chat,gsm8k-399,0
llama-chat,gsm8k-400,1
llama-chat,gsm8k-401,1
llama-chat,gsm8k-402,0
llama-chat,gsm8k-403,0
llama-chat,gsm8k-404,0
llama-chat,gsm8k-405,0
llama-chat,gsm8k-406,0
llama-chat,gsm8k-407,0
llama-chat,gsm8k-408,1
llama-chat,gsm8k-409,0
llama-chat,gsm8k-410,0
llama-chat,gsm8k-411,0
llama-chat,gsm8k-412,1
llama-chat,gsm8k-413,0
llama-chat,gsm8k-414,1
llama-chat,gsm8k-415,0
llama-chat,gsm8k-416,0
llama-chat,gsm8k-417,0
llama-chat,gsm8k-418,1
llama-chat,gsm8k-419,0
llama-chat,gsm8k-420,1
llama-chat,gsm8k-421,1
llama-chat,gsm8k-422,0
llama-chat,gsm8k-423,0
llama-chat,gsm8k-424,1
llama-chat,gsm8k-425,0
llama-chat,gsm8k-426,1
llama-chat,gsm8k-427,0
llama-chat,gsm8k-428,0
llama-chat,gsm8k-429,1
llama-chat,gsm8k-430,0
llama-chat,gsm8k-431,1
llama-chat,gsm8k-432,0
llama-chat,gsm8k-433,0
llama-chat,gsm8k-434,1
llama-chat,gsm8k-435,1
llama-chat,gsm8k-436,0
llama-chat,gsm8k-437,0
llama-chat,gsm8k-438,1
llama-chat,gsm8k-439,0
llama-chat,gsm8k-440,0
llama-chat,gsm8k-441,1
llama-chat,gsm8k-442,0
llama-chat,gsm8k-443,0
llama-chat,gsm8k-444,0
llama-chat,gsm8k-445,0
llama-chat,gsm8k-446,0
llama-chat,gsm8k-447,1
llama-chat,gsm8k-448,1
llama-chat,gsm8k-449,1
llama-chat,gsm8k-450,0
llama-chat,gsm8k-451,0
llama-chat,gsm8k-452,1
llama-chat,gsm8k-453,0
llama-chat,gsm8k-454,0
llama-chat,gsm8k-455,0
llama-chat,gsm8k-456,1
llama-chat,gsm8k-457,1
llama-chat,gsm8k-458,1
llama-chat,gsm8k-459,1
llama-chat,gsm8k-460,1
llama-chat,gsm8k-461,1
llama-chat,gsm8k-462,1
llama-chat,gsm8k-463,1
llama-chat,gsm8k-464,1
llama-chat,gsm8k-465,0
llama-chat,gsm8k-466,1
llama-chat,gsm8k-467,1
llama-chat,gsm8k-468,1
llama-chat,gsm8k-469,1
llama-chat,gsm8k-470,0
llama-chat,gsm8k-471,0
llama-chat,gsm8k-472,0
llama-chat,gsm8k-473,1
llama-chat,gsm8k-474,0
llama-chat,gsm8k-475,0
llama-chat,gsm8k-476,1
llama-chat,gsm8k-477,1
llama-chat,gsm8k-478,1
llama-chat,gsm8k-479,0
llama-chat,gsm8k-480,1
llama-chat,gsm8k-481,1
llama-chat,gsm8k-482,1
llama-chat,gsm8k-483,0
llama-chat,gsm8k-484,0
llama-chat,gsm8k-485,0
llama-chat,gsm8k-486,1
llama-chat,gsm8k-487,0
llama-chat,gsm8k-488,1
llama-chat,gsm8k-489,0
llama-chat,gsm8k-490,1
llama-chat,gsm8k-491,1
llama-chat,gsm8k-492,1
llama-chat,gsm8k-493,0
llama-chat,gsm8k-494,0
llama-chat,gsm8k-495,1
llama-chat,gsm8k-496,0
llama-chat,gsm8k-497,1
llama-chat,gsm8k-498,1
llama-chat,gsm8k-499,1
llama-chat,gsm8k-500,0
llama-chat,gsm8k-501,1
llama-chat,gsm8k-502,1
llama-chat,gsm8k-503,1
llama-chat,gsm8k-504,1
llama-chat,gsm8k-505,0
llama-chat,gsm8k-506,0
llama-chat,gsm8k-507,1
llama-chat,gsm8k-508,0
llama-chat,gsm8k-509,0
llama-chat,gsm8k-510,1
llama-chat,gsm8k-511,1
llama-chat,gsm8k-512,1
llama-chat,gsm8k-513,1
llama-chat,gsm8k-514,1
llama-chat,gsm8k-515,0
llama-chat,gsm8k-516,1
llama-chat,gsm8k-517,0
llama-chat,gsm8k-518,1
llama-chat,gsm8k-519,0
llama-chat,gsm8k-520,0
llama-chat,gsm8k-521,0
llama-chat,gsm8k-522,1
llama-chat,gsm8k-523,0
llama-chat,gsm8k-524,0
llama-chat,gsm8k-525,0
llama-chat,gsm8k-526,1
llama-chat,gsm8k-527,0
llama-chat,gsm8k-528,0
llama-chat,gsm8k-529,1
llama-chat,gsm8k-530,0
llama-chat,gsm8k-531,0
llama-chat,gsm8k-532,0
llama-chat,gsm8k-533,0
llama-chat,gsm8k-534,1
llama-chat,gsm8k-535,1
llama-chat,gsm8k-536,1
llama-chat,gsm8k-537,1
llama-chat,gsm8k-538,1
llama-chat,gsm8k-539,0
llama-chat,gsm8k-540,0
llama-chat,gsm8k-541,0
llama-chat,gsm8k-542,0
llama-chat,gsm8k-543,1
llama-chat,gsm8k-544,0
llama-chat,gsm8k-545,1
llama-chat,gsm8k-546,0
llama-chat,gsm8k-547,0
llama-chat,gsm8k-548,1
llama-chat,gsm8k-549,0
llama-chat,gsm8k-550,0
llama-chat,gsm8k-551,0
llama-chat,gsm8k-552,1
llama-chat,gsm8k-553,1
llama-chat,gsm8k-554,0
llama-chat,gsm8k-555,1
llama-chat,gsm8k-556,0
llama-chat,gsm8k-557,1
llama-chat,gsm8k-558,1
llama-chat,gsm8k-559,1
llama-chat,gsm8k-560,1
llama-chat,gsm8k-561,1
llama-chat,gsm8k-562,1
llama-chat,gsm8k-563,0
llama-chat,gsm8k-564,0
llama-chat,gsm8k-565,1
llama-chat,gsm8k-566,0
llama-chat,gsm8k-567,0
llama-chat,gsm8k-568,0
llama-chat,gsm8k-569,1
llama-chat,gsm8k-570,0
llama-chat,gsm8k-571,1
llama-chat,gsm8k-572,1
llama-chat,gsm8k-573,1
llama-chat,gsm8k-574,0
llama-chat,gsm8k-575,0
llama-chat,gsm8k-576,0
llama-chat,gsm8k-577,0
llama-chat,gsm8k-578,0
llama-chat,gsm8k-579,1
llama-chat,gsm8k-580,0
llama-chat,gsm8k-581,1
llama-chat,gsm8k-582,0
llama-chat,gsm8k-583,0
llama-chat,gsm8k-584,0
llama-chat,gsm8k-585,0
llama-chat,gsm8k-586,1
llama-chat,gsm8k-587,0
llama-chat,gsm8k-588,1
llama-chat,gsm8k-589,0
llama-chat,gsm8k-590,0
llama-chat,gsm8k-591,1
llama-chat,gsm8k-592,1
llama-chat,gsm8k-593,0
llama-chat,gsm8k-594,1
llama-chat,gsm8k-595,0
llama-chat,gsm8k-596,1
llama-chat,gsm8k-597,1
llama-chat,gsm8k-598,0
llama-chat,gsm8k-599,0
llama-chat,gsm8k-600,1
llama-chat,gsm8k-601,1
llama-chat,gsm8k-602,1
llama-chat,gsm8k-603,0
llama-chat,gsm8k-604,1
llama-chat,gsm8k-605,1
llama-chat,gsm8k-606,0
llama-chat,gsm8k-607,0
llama-chat,gsm8k-608,0
llama-chat,gsm8k-609,0
llama-chat,gsm8k-610,0
llama-chat,gsm8k-611,0
llama-chat,gsm8k-612,0
llama-chat,gsm8k-613,1
llama-chat,gsm8k-614,1
llama-chat,gsm8k-615,1
llama-chat,gsm8k-616,1
llama-chat,gsm8k-617,1
llama-chat,gsm8k-618,0
llama-chat,gsm8k-619,1
llama-chat,gsm8k-620,1
llama-chat,gsm8k-621,1
llama-chat,gsm8k-622,0
llama-chat,gsm8k-623,1
llama-chat,gsm8k-624,1
llama-chat,gsm8k-625,1
llama-chat,gsm8k-626,1
llama-chat,gsm8k-627,1
llama-chat,gsm8k-628,0
llama-chat,gsm8k-629,0
llama-chat,gsm8k-630,1
llama-chat,gsm8k-631,0
llama-chat,gsm8k-632,0
llama-chat,gsm8k-633,0
llama-chat,gsm8k-634,1
llama-chat,gsm8k-635,1
llama-chat,gsm8k-636,1
llama-chat,gsm8k-637,1
llama-chat,gsm8k-638,1
llama-chat,gsm8k-639,0
llama-chat,gsm8k-640,0
llama-chat,gsm8k-641,0
llama-chat,gsm8k-642,0
llama-chat,gsm8k-643,1
llama-chat,gsm8k-644,1
llama-chat,gsm8k-645,1
llama-chat,gsm8k-646,1
llama-chat,gsm8k-647,1
llama-chat,gsm8k-648,0
llama-chat,gsm8k-649,0
llama-chat,gsm8k-650,1
llama-chat,gsm8k-651,0
llama-chat,gsm8k-652,0
llama-chat,gsm8k-653,1
llama-chat,gsm8k-654,0
llama-chat,gsm8k-655,1
llama-chat,gsm8k-656,0
llama-chat,gsm8k-657,1
llama-chat,gsm8k-658,0
llama-chat,gsm8k-659,1
llama-chat,gsm8k-660,0
llama-chat,gsm8k-661,1
llama-chat,gsm8k-662,1
llama-chat,gsm8k-663,0
llama-chat,gsm8k-664,1
llama-chat,gsm8k-665,1
llama-chat,gsm8k-666,0
llama-chat,gsm8k-667,1
llama-chat,gsm8k-668,1
llama-chat,gsm8k-669,1
llama-chat,gsm8k-670,1
llama-chat,gsm8k-671,0
llama-chat,gsm8k-672,0
llama-chat,gsm8k-673,0
llama-chat,gsm8k-674,1
llama-chat,gsm8k-675,0
llama-chat,gsm8k-676,0
llama-chat,gsm8k-677,0
llama-chat,gsm8k-678,1
llama-chat,gsm8k-679,1
llama-chat,gsm8k-680,1
llama-chat,gsm8k-681,0
llama-chat,gsm8k-682,0
llama-chat,gsm8k-683,1
llama-chat,gsm8k-684,1
llama-chat,gsm8k-685,1
llama-chat,gsm8k-686,1
llama-chat,gsm8k-687,0
llama-chat,gsm8k-688,1
llama-chat,gsm8k-689,0
llama-chat,gsm8k-690,0
llama-chat,gsm8k-691,0
llama-chat,gsm8k-692,1
llama-chat,gsm8k-693,0
llama-chat,gsm8k-694,0
llama-chat,gsm8k-695,1
llama-chat,gsm8k-696,0
llama-chat,gsm8k-697,1
llama-chat,gsm8k-698,1
llama-chat,gsm8k-699,1
llama-chat,gsm8k-700,1
llama-chat,gsm8k-701,1
llama-chat,gsm8k-702,1
llama-chat,gsm8k-703,1
llama-chat,gsm8k-704,1
llama-chat,gsm8k-705,1
llama-chat,gsm8k-706,0
llama-chat,gsm8k-707,1
llama-chat,gsm8k-708,1
llama-chat,gsm8k-709,1
llama-chat,gsm8k-710,0
llama-chat,gsm8k-711,0
llama-chat,gsm8k-712,1
llama-chat,gsm8k-713,0
llama-chat,gsm8k-714,0
llama-chat,gsm8k-715,1
llama-chat,gsm8k-716,1
llama-chat,gsm8k-717,1
llama-chat,gsm8k-718,0
llama-chat,gsm8k-719,1
llama-chat,gsm8k-720,1
llama-chat,gsm8k-721,1
llama-chat,gsm8k-722,1
llama-chat,gsm8k-723,1
llama-chat,gsm8k-724,0
llama-chat,gsm8k-725,0
llama-chat,gsm8k-726,0
llama-chat,gsm8k-727,0
llama-chat,gsm8k-728,1
llama-chat,gsm8k-729,0
llama-chat,gsm8k-730,1
llama-chat,gsm8k-731,0
llama-chat,gsm8k-732,0
llama-chat,gsm8k-733,1
llama-chat,gsm8k-734,1
llama-chat,gsm8k-735,0
llama-chat,gsm8k-736,0
llama-chat,gsm8k-737,0
llama-chat,gsm8k-738,1
llama-chat,gsm8k-739,1
llama-chat,gsm8k-740,0
llama-chat,gsm8k-741,1
llama-chat,gsm8k-742,0
llama-chat,gsm8k-743,1
llama-chat,gsm8k-744,1
llama-chat,gsm8k-745,1
llama-chat,gsm8k-746,1
llama-chat,gsm8k-747,1
llama-chat,gsm8k-748,0
llama-chat,gsm8k-749,0
llama-chat,gsm8k-750,0
llama-chat,gsm8k-751,1
llama-chat,gsm8k-752,1
llama-chat,gsm8k-753,0
llama-chat,gsm8k-754,0
llama-chat,gsm8k-755,0
llama-chat,gsm8k-756,0
llama-chat,gsm8k-757,0
llama-chat,gsm8k-758,1
llama-chat,gsm8k-759,1
llama-chat,gsm8k-760,0
llama-chat,gsm8k-761,0
llama-chat,gsm8k-762,1
llama-chat,gsm8k-763,0
llama-chat,gsm8k-764,1
llama-chat,gsm8k-765,0
llama-chat,gsm8k-766,1
llama-chat,gsm8k-767,1
llama-chat,gsm8k-768,0
llama-chat,gsm8k-769,0
llama-chat,gsm8k-770,1
llama-chat,gsm8k-771,0
llama-chat,gsm8k-772,0
llama-chat,gsm8k-773,0
llama-chat,gsm8k-774,0
llama-chat,gsm8k-775,1
llama-chat,gsm8k-776,1
llama-chat,gsm8k-777,0
llama-chat,gsm8k-778,1
llama-chat,gsm8k-779,0
llama-chat,gsm8k-780,0
llama-chat,gsm8k-781,0
llama-chat,gsm8k-782,0
llama-chat,gsm8k-783,0
llama-chat,gsm8k-784,0
llama-chat,gsm8k-785,1
llama-chat,gsm8k-786,1
llama-chat,gsm8k-787,1
llama-chat,gsm8k-788,0
llama-chat,gsm8k-789,1
llama-chat,gsm8k-790,0
llama-chat,gsm8k-791,1
llama-chat,gsm8k-792,1
llama-chat,gsm8k-793,1
llama-chat,gsm8k-794,0
llama-chat,gsm8k-795,1
llama-chat,gsm8k-796,0
llama-chat,gsm8k-797,0
llama-chat,gsm8k-798,1
llama-chat,gsm8k-799,1
llama-chat,gsm8k-800,1
llama-chat,gsm8k-801,0
llama-chat,gsm8k-802,0
llama-chat,gsm8k-803,1
llama-chat,gsm8k-804,1
llama-chat,gsm8k-805,1
llama-chat,gsm8k-806,0
llama-chat,gsm8k-807,1
llama-chat,gsm8k-808,0
llama-chat,gsm8k-809,0
llama-chat,gsm8k-810,0
llama-chat,gsm8k-811,1
llama-chat,gsm8k-812,0
llama-chat,gsm8k-813,1
llama-chat,gsm8k-814,0
llama-chat,gsm8k-815,0
llama-chat,gsm8k-816,0
llama-chat,gsm8k-817,1
llama-chat,gsm8k-818,0
llama-chat,gsm8k-819,1
llama-chat,gsm8k-820,0
llama-chat,gsm8k-821,1
llama-chat,gsm8k-822,1
llama-chat,gsm8k-823,0
llama-chat,gsm8k-824,1
llama-chat,gsm8k-825,0
llama-chat,gsm8k-826,0
llama-chat,gsm8k-827,0
llama-chat,gsm8k-828,1
llama-chat,gsm8k-829,0
llama-chat,gsm8k-830,0
llama-chat,gsm8k-831,1
llama-chat,gsm8k-832,0
llama-chat,gsm8k-833,0
llama-chat,gsm8k-834,1
llama-chat,gsm8k-835,0
llama-chat,gsm8k-836,1
llama-chat,gsm8k-837,0
llama-chat,gsm8k-838,0
llama-chat,gsm8k-839,1
llama-chat,gsm8k-840,0
llama-chat,gsm8k-841,1
llama-chat,gsm8k-842,1
llama-chat,gsm8k-843,0
llama-chat,gsm8k-844,0
llama-chat,gsm8k-845,0
llama-chat,gsm8k-846,1
llama-chat,gsm8k-847,1
llama-chat,gsm8k-848,0
llama-chat,gsm8k-849,1
llama-chat,gsm8k-850,0
llama-chat,gsm8k-851,1
llama-chat,gsm8k-852,1
llama-chat,gsm8k-853,1
llama-chat,gsm8k-854,0
llama-chat,gsm8k-855,0
llama-chat,gsm8k-856,0
llama-chat,gsm8k-857,1
llama-chat,gsm8k-858,0
llama-chat,gsm8k-859,1
llama-chat,gsm8k-860,0
llama-chat,gsm8k-861,1
llama-chat,gsm8k-862,0
llama-chat,gsm8k-863,0
llama-chat,gsm8k-864,0
llama-chat,gsm8k-865,1
llama-chat,gsm8k-866,0
llama-chat,gsm8k-867,1
llama-chat,gsm8k-868,0
llama-chat,gsm8k-869,1
llama-chat,gsm8k-870,1
llama-chat,gsm8k-871,0
llama-chat,gsm8k-872,0
llama-chat,gsm8k-873,1
llama-chat,gsm8k-874,1
llama-chat,gsm8k-875,1
llama-chat,gsm8k-876,0
llama-chat,gsm8k-877,0
llama-chat,gsm8k-878,0
llama-chat,gsm8k-879,1
llama-chat,gsm8k-880,0
llama-chat,gsm8k-881,0
llama-chat,gsm8k-882,0
llama-chat,gsm8k-883,0
llama-chat,gsm8k-884,1
llama-chat,gsm8k-885,0
llama-chat,gsm8k-886,1
llama-chat,gsm8k-887,0
llama-chat,gsm8k-888,1
llama-chat,gsm8k-889,1
llama-chat,gsm8k-890,0
llama-chat,gsm8k-891,0
llama-chat,gsm8k-892,0
llama-chat,gsm8k-893,0
llama-chat,gsm8k-894,0
llama-chat,gsm8k-895,1
llama-chat,gsm8k-896,1
llama-chat,gsm8k-897,0
llama-chat,gsm8k-898,0
llama-chat,gsm8k-899,1
llama-chat,gsm8k-900,0
llama-chat,gsm8k-901,0
llama-chat,gsm8k-902,1
llama-chat,gsm8k-903,0
llama-chat,gsm8k-904,1
llama-chat,gsm8k-905,0
llama-chat,gsm8k-906,0
llama-chat,gsm8k-907,1
llama-chat,gsm8k-908,0
llama-chat,gsm8k-909,1
llama-chat,gsm8k-910,0
llama-chat,gsm8k-911,1
llama-chat,gsm8k-912,0
llama-chat,gsm8k-913,0
llama-chat,gsm8k-914,1
llama-chat,gsm8k-915,1
llama-chat,gsm8k-916,0
llama-chat,gsm8k-917,0
llama-chat,gsm8k-918,0
llama-chat,gsm8k-919,1
llama-chat,gsm8k-920,1
llama-chat,gsm8k-921,0
llama-chat,gsm8k-922,0
llama-chat,gsm8k-923,0
llama-chat,gsm8k-924,1
llama-chat,gsm8k-925,1
llama-chat,gsm8k-926,0
llama-chat,gsm8k-927,1
llama-chat,gsm8k-928,0
llama-chat,gsm8k-929,1
llama-chat,gsm8k-930,0
llama-chat,gsm8k-931,0
llama-chat,gsm8k-932,0
llama-chat,gsm8k-933,1
llama-chat,gsm8k-934,1
llama-chat,gsm8k-935,0
llama-chat,gsm8k-936,0
llama-chat,gsm8k-937,0
llama-chat,gsm8k-938,1
llama-chat,gsm8k-939,1
llama-chat,gsm8k-940,1
llama-chat,gsm8k-941,1
llama-chat,gsm8k-942,0
llama-chat,gsm8k-943,0
llama-chat,gsm8k-944,1
llama-chat,gsm8k-945,0
llama-chat,gsm8k-946,0
llama-chat,gsm8k-947,1
llama-chat,gsm8k-948,0
llama-chat,gsm8k-949,0
llama-chat,gsm8k-950,0
llama-chat,gsm8k-951,0
llama-chat,gsm8k-952,1
llama-chat,gsm8k-953,0
llama-chat,gsm8k-954,0
llama-chat,gsm8k-955,0
llama-chat,gsm8k-956,0
llama-chat,gsm8k-957,1
llama-chat,gsm8k-958,1
llama-chat,gsm8k-959,0
llama-chat,gsm8k-960,0
llama-chat,gsm8k-961,1
llama-chat,gsm8k-962,0
llama-chat,gsm8k-963,0
llama-chat,gsm8k-964,0
llama-chat,gsm8k-965,0
llama-chat,gsm8k-966,0
llama-chat,gsm8k-967,0
llama-chat,gsm8k-968,0
llama-chat,gsm8k-969,1
llama-chat,gsm8k-970,1
llama-chat,gsm8k-971,0
llama-chat,gsm8k-972,0
llama-chat,gsm8k-973,0
llama-chat,gsm8k-974,0
llama-chat,gsm8k-975,0
llama-chat,gsm8k-976,0
llama-chat,gsm8k-977,0
llama-chat,gsm8k-978,1
llama-chat,gsm8k-979,0
llama-chat,gsm8k-980,1
llama-chat,gsm8k-981,0
llama-chat,gsm8k-982,1
llama-chat,gsm8k-983,1
llama-chat,gsm8k-984,0
llama-chat,gsm8k-985,1
llama-chat,gsm8k-986,1
llama-chat,gsm8k-987,1
llama-chat,gsm8k-988,1
llama-chat,gsm8k-989,1
llama-chat,gsm8k-990,0
llama-chat,gsm8k-991,0
llama-chat,gsm8k-992,1
llama-chat,gsm8k-993,0
llama-chat,gsm8k-994,1
llama-chat,gsm8k-995,1
llama-chat,gsm8k-996,0
llama-chat,gsm8k-997,0
llama-chat,gsm8k-998,1
llama-chat,gsm8k-999,0
llama-chat,gsm8k-1000,0
llama-chat,gsm8k-1001,1
llama-chat,gsm8k-1002,1
llama-chat,gsm8k-1003,0
llama-chat,gsm8k-1004,0
llama-chat,gsm8k-1005,1
llama-chat,gsm8k-1006,0
llama-chat,gsm8k-1007,1
llama-chat,gsm8k-1008,1
llama-chat,gsm8k-1009,0
llama-chat,gsm8k-1010,1
llama-chat,gsm8k-1011,0
llama-chat,gsm8k-1012,0
llama-chat,gsm8k-1013,1
llama-chat,gsm8k-1014,0
llama-chat,gsm8k-1015,0
llama-chat,gsm8k-1016,0
llama-chat,gsm8k-1017,0
llama-chat,gsm8k-1018,1
llama-chat,gsm8k-1019,1
llama-chat,gsm8k-1020,1
llama-chat,gsm8k-1021,0
llama-chat,gsm8k-1022,1
llama-chat,gsm8k-1023,1
llama-chat,gsm8k-1024,1
llama-chat,gsm8k-1025,1
llama-chat,gsm8k-1026,1
llama-chat,gsm8k-1027,0
llama-chat,gsm8k-1028,1
llama-chat,gsm8k-1029,0
llama-chat,gsm8k-1030,0
llama-chat,gsm8k-1031,1
llama-chat,gsm8k-1032,0
llama-chat,gsm8k-1033,1
llama-chat,gsm8k-1034,1
llama-chat,gsm8k-1035,0
llama-chat,gsm8k-1036,1
llama-chat,gsm8k-1037,0
llama-chat,gsm8k-1038,0
llama-chat,gsm8k-1039,0
llama-chat,gsm8k-1040,0
llama-chat,gsm8k-1041,1
llama-chat,gsm8k-1042,0
llama-chat,gsm8k-1043,1
llama-chat,gsm8k-1044,0
llama-chat,gsm8k-1045,0
llama-chat,gsm8k-1046,0
llama-chat,gsm8k-1047,0
llama-chat,gsm8k-1048,0
llama-chat,gsm8k-1049,1
llama-chat,gsm8k-1050,1
llama-chat,gsm8k-1051,1
llama-chat,gsm8k-1052,1
llama-chat,gsm8k-1053,1
llama-chat,gsm8k-1054,1
llama-chat,gsm8k-1055,1
llama-chat,gsm8k-1056,1
llama-chat,gsm8k-1057,1
llama-chat,gsm8k-1058,1
llama-chat,gsm8k-1059,0
llama-chat,gsm8k-1060,0
llama-chat,gsm8k-1061,1
llama-chat,gsm8k-1062,1
llama-chat,gsm8k-1063,1
llama-chat,gsm8k-1064,0
llama-chat,gsm8k-1065,1
llama-chat,gsm8k-1066,1
llama-chat,gsm8k-1067,0
llama-chat,gsm8k-1068,0
llama-chat,gsm8k-1069,0
llama-chat,gsm8k-1070,0
llama-chat,gsm8k-1071,1
llama-chat,gsm8k-1072,0
llama-chat,gsm8k-1073,0
llama-chat,gsm8k-1074,1
llama-chat,gsm8k-1075,0
llama-chat,gsm8k-1076,1
llama-chat,gsm8k-1077,1
llama-chat,gsm8k-1078,1
llama-chat,gsm8k-1079,0
llama-chat,gsm8k-1080,1
llama-chat,gsm8k-1081,1
llama-chat,gsm8k-1082,0
llama-chat,gsm8k-1083,1
llama-chat,gsm8k-1084,1
llama-chat,gsm8k-1085,1
llama-chat,gsm8k-1086,0
llama-chat,gsm8k-1087,1
llama-chat,gsm8k-1088,1
llama-chat,gsm8k-1089,0
llama-chat,gsm8k-1090,1
llama-chat,gsm8k-1091,1
llama-chat,gsm8k-1092,1
llama-chat,gsm8k-1093,0
llama-chat,gsm8k-1094,0
llama-chat,gsm8k-1095,0
llama-chat,gsm8k-1096,0
llama-chat,gsm8k-1097,1
llama-chat,gsm8k-1098,1
llama-chat,gsm8k-1099,1
llama-chat,gsm8k-1100,1
llama-chat,gsm8k-1101,1
llama-chat,gsm8k-1102,0
llama-chat,gsm8k-1103,0
llama-chat,gsm8k-1104,0
llama-chat,gsm8k-1105,0
llama-chat,gsm8k-1106,1
llama-chat,gsm8k-1107,0
llama-chat,gsm8k-1108,0
llama-chat,gsm8k-1109,1
llama-chat,gsm8k-1110,0
llama-chat,gsm8k-1111,1
llama-chat,gsm8k-1112,1
llama-chat,gsm8k-1113,1
llama-chat,gsm8k-1114,1
llama-chat,gsm8k-1115,0
llama-chat,gsm8k-1116,1
llama-chat,gsm8k-1117,0
llama-chat,gsm8k-1118,0
llama-chat,gsm8k-1119,1
llama-chat,gsm8k-1120,0
llama-chat,gsm8k-1121,1
llama-chat,gsm8k-1122,0
llama-chat,gsm8k-1123,1
llama-chat,gsm8k-1124,0
llama-chat,gsm8k-1125,1
llama-chat,gsm8k-1126,0
llama-chat,gsm8k-1127,1
llama-chat,gsm8k-1128,0
llama-chat,gsm8k-1129,0
llama-chat,gsm8k-1130,1
llama-chat,gsm8k-1131,0
llama-chat,gsm8k-1132,0
llama-chat,gsm8k-1133,0
llama-chat,gsm8k-1134,1
llama-chat,gsm8k-1135,1
llama-chat,gsm8k-1136,0
llama-chat,gsm8k-1137,0
llama-chat,gsm8k-1138,0
llama-chat,gsm8k-1139,0
llama-chat,gsm8k-1140,0
llama-chat,gsm8k-1141,1
llama-chat,gsm8k-1142,1
llama-chat,gsm8k-1143,1
llama-chat,gsm8k-1144,0
llama-chat,gsm8k-1145,1
llama-chat,gsm8k-1146,1
llama-chat,gsm8k-1147,0
llama-chat,gsm8k-1148,1
llama-chat,gsm8k-1149,1
llama-chat,gsm8k-1150,1
llama-chat,gsm8k-1151,1
llama-chat,gsm8k-1152,1
llama-chat,gsm8k-1153,0
llama-chat,gsm8k-1154,1
llama-chat,gsm8k-1155,1
llama-chat,gsm8k-1156,0
llama-chat,gsm8k-1157,0
llama-chat,gsm8k-1158,0
llama-chat,gsm8k-1159,1
llama-chat,gsm8k-1160,1
llama-chat,gsm8k-1161,0
llama-chat,gsm8k-1162,1
llama-chat,gsm8k-1163,1
llama-chat,gsm8k-1164,1
llama-chat,gsm8k-1165,0
llama-chat,gsm8k-1166,0
llama-chat,gsm8k-1167,1
llama-chat,gsm8k-1168,0
llama-chat,gsm8k-1169,0
llama-chat,gsm8k-1170,0
llama-chat,gsm8k-1171,0
llama-chat,gsm8k-1172,1
llama-chat,gsm8k-1173,0
llama-chat,gsm8k-1174,0
llama-chat,gsm8k-1175,0
llama-chat,gsm8k-1176,0
llama-chat,gsm8k-1177,0
llama-chat,gsm8k-1178,0
llama-chat,gsm8k-1179,0
llama-chat,gsm8k-1180,0
llama-chat,gsm8k-1181,0
llama-chat,gsm8k-1182,1
llama-chat,gsm8k-1183,0
llama-chat,gsm8k-1184,1
llama-chat,gsm8k-1185,0
llama-chat,gsm8k-1186,1
llama-chat,gsm8k-1187,0
llama-chat,gsm8k-1188,0
llama-chat,gsm8k-1189,1
llama-chat,gsm8k-1190,0
llama-chat,gsm8k-1191,1
llama-chat,gsm8k-1192,1
llama-chat,gsm8k-1193,0
llama-chat,gsm8k-1194,1
llama-chat,gsm8k-1195,0
llama-chat,gsm8k-1196,1
llama-chat,gsm8k-1197,1
llama-chat,gsm8k-1198,0
llama-chat,gsm8k-1199,0
llama-chat,gsm8k-1200,0
llama-chat,gsm8k-1201,0
llama-chat,gsm8k-1202,0
llama-chat,gsm8k-1203,1
llama-chat,gsm8k-1204,1
llama-chat,gsm8k-1205,0
llama-chat,gsm8k-1206,1
llama-chat,gsm8k-1207,0
llama-chat,gsm8k-1208,0
llama-chat,gsm8k-1209,0
llama-chat,gsm8k-1210,1
llama-chat,gsm8k-1211,0
llama-chat,gsm8k-1212,1
llama-chat,gsm8k-1213,1
llama-chat,gsm8k-1214,0
llama-chat,gsm8k-1215,0
llama-chat,gsm8k-1216,1
llama-chat,gsm8k-1217,0
llama-chat,gsm8k-1218,0
llama-chat,gsm8k-1219,1
llama-chat,gsm8k-1220,1
llama-chat,gsm8k-1221,0
llama-chat,gsm8k-1222,0
llama-chat,gsm8k-1223,1
llama-chat,gsm8k-1224,0
llama-chat,gsm8k-1225,0
llama-chat,gsm8k-1226,0
llama-chat,gsm8k-1227,0
llama-chat,gsm8k-1228,0
llama-chat,gsm8k-1229,1
llama-chat,gsm8k-1230,1
llama-chat,gsm8k-1231,0
llama-chat,gsm8k-1232,1
llama-chat,gsm8k-1233,0
llama-chat,gsm8k-1234,0
llama-chat,gsm8k-1235,1
llama-chat,gsm8k-1236,0
llama-chat,gsm8k-1237,1
llama-chat,gsm8k-1238,1
llama-chat,gsm8k-1239,0
llama-chat,gsm8k-1240,1
llama-chat,gsm8k-1241,0
llama-chat,gsm8k-1242,1
llama-chat,gsm8k-1243,1
llama-chat,gsm8k-1244,1
llama-chat,gsm8k-1245,1
llama-chat,gsm8k-1246,1
llama-chat,gsm8k-1247,0
llama-chat,gsm8k-1248,0
llama-chat,gsm8k-1249,0
llama-chat,gsm8k-1250,1
llama-chat,gsm8k-1251,0
llama-chat,gsm8k-1252,0
llama-chat,gsm8k-1253,0
llama-chat,gsm8k-1254,1
llama-chat,gsm8k-1255,0
llama-chat,gsm8k-1256,0
llama-chat,gsm8k-1257,1
llama-chat,gsm8k-1258,0
llama-chat,gsm8k-1259,0
llama-chat,gsm8k-1260,1
llama-chat,gsm8k-1261,0
llama-chat,gsm8k-1262,1
llama-chat,gsm8k-1263,0
llama-chat,gsm8k-1264,0
llama-chat,gsm8k-1265,1
llama-chat,gsm8k-1266,0
llama-chat,gsm8k-1267,1
llama-chat,gsm8k-1268,1
llama-chat,gsm8k-1269,0
llama-chat,gsm8k-1270,1
llama-chat,gsm8k-1271,0
llama-chat,gsm8k-1272,0
llama-chat,gsm8k-1273,0
llama-chat,gsm8k-1274,1
llama-chat,gsm8k-1275,1
llama-chat,gsm8k-1276,0
llama-chat,gsm8k-1277,1
llama-chat,gsm8k-1278,1
llama-chat,gsm8k-1279,1
llama-chat,gsm8k-1280,0
llama-chat,gsm8k-1281,1
llama-chat,gsm8k-1282,1
llama-chat,gsm8k-1283,0
llama-chat,gsm8k-1284,0
llama-chat,gsm8k-1285,1
llama-chat,gsm8k-1286,1
llama-chat,gsm8k-1287,1
llama-chat,gsm8k-1288,0
llama-chat,gsm8k-1289,1
llama-chat,gsm8k-1290,1
llama-chat,gsm8k-1291,0
llama-chat,gsm8k-1292,1
llama-chat,gsm8k-1293,1
llama-chat,gsm8k-1294,0
llama-chat,gsm8k-1295,0
llama-chat,gsm8k-1296,1
llama-chat,gsm8k-1297,0
llama-chat,gsm8k-1298,0
llama-chat,gsm8k-1299,1
llama-chat,gsm8k-1300,1
llama-chat,gsm8k-1301,0
llama-chat,gsm8k-1302,1
llama-chat,gsm8k-1303,0
llama-chat,gsm8k-1304,1
llama-chat,gsm8k-1305,1
llama-chat,gsm8k-1306,0
llama-chat,gsm8k-1307,0
llama-chat,gsm8k-1308,1
llama-chat,gsm8k-1309,0
llama-chat,gsm8k-1310,0
llama-chat,gsm8k-1311,1
llama-chat,gsm8k-1312,1
llama-chat,gsm8k-1313,0
llama-chat,gsm8k-1314,0
llama-chat,gsm8k-1315,1
llama-chat,gsm8k-1316,0
llama-chat,gsm8k-1317,0
llama-chat,gsm8k-1318,0
metamath,gsm8k-0,1
metamath,gsm8k-1,1
metamath,gsm8k-2,0
metamath,gsm8k-3,1
metamath,gsm8k-4,1
metamath,gsm8k-5,1
metamath,gsm8k-6,1
metamath,gsm8k-7,0
metamath,gsm8k-8,1
metamath,gsm8k-9,1
metamath,gsm8k-10,1
metamath,gsm8k-11,0
metamath,gsm8k-12,0
metamath,gsm8k-13,0
metamath,gsm8k-14,1
metamath,gsm8k-15,0
metamath,gsm8k-16,1
metamath,gsm8k-17,1
metamath,gsm8k-18,1
metamath,gsm8k-19,0
metamath,gsm8k-20,0
metamath,gsm8k-21,1
metamath,gsm8k-22,1
metamath,gsm8k-23,1
metamath,gsm8k-24,1
metamath,gsm8k-25,1
metamath,gsm8k-26,1
metamath,gsm8k-27,1
metamath,gsm8k-28,1
metamath,gsm8k-29,1
metamath,gsm8k-30,1
metamath,gsm8k-31,0
metamath,gsm8k-32,1
metamath,gsm8k-33,1
metamath,gsm8k-34,1
metamath,gsm8k-35,1
metamath,gsm8k-36,1
metamath,gsm8k-37,0
metamath,gsm8k-38,0
metamath,gsm8k-39,1
metamath,gsm8k-40,1
metamath,gsm8k-41,0
metamath,gsm8k-42,1
metamath,gsm8k-43,1
metamath,gsm8k-44,0
metamath,gsm8k-45,1
metamath,gsm8k-46,1
metamath,gsm8k-47,0
metamath,gsm8k-48,1
metamath,gsm8k-49,1
metamath,gsm8k-50,1
metamath,gsm8k-51,1
metamath,gsm8k-52,1
metamath,gsm8k-53,1
metamath,gsm8k-54,1
metamath,gsm8k-55,1
metamath,gsm8k-56,1
metamath,gsm8k-57,1
metamath,gsm8k-58,1
metamath,gsm8k-59,1
metamath,gsm8k-60,1
metamath,gsm8k-61,1
metamath,gsm8k-62,0
metamath,gsm8k-63,0
metamath,gsm8k-64,1
metamath,gsm8k-65,1
metamath,gsm8k-66,1
metamath,gsm8k-67,0
metamath,gsm8k-68,1
metamath,gsm8k-69,1
metamath,gsm8k-70,1
metamath,gsm8k-71,1
metamath,gsm8k-72,1
metamath,gsm8k-73,1
metamath,gsm8k-74,0
metamath,gsm8k-75,0
metamath,gsm8k-76,0
metamath,gsm8k-77,1
metamath,gsm8k-78,1
metamath,gsm8k-79,1
metamath,gsm8k-80,1
metamath,gsm8k-81,1
metamath,gsm8k-82,1
metamath,gsm8k-83,1
metamath,gsm8k-84,1
metamath,gsm8k-85,0
metamath,gsm8k-86,1
metamath,gsm8k-87,0
metamath,gsm8k-88,1
metamath,gsm8k-89,0
metamath,gsm8k-90,1
metamath,gsm8k-91,1
metamath,gsm8k-92,1
metamath,gsm8k-93,1
metamath,gsm8k-94,1
metamath,gsm8k-95,1
metamath,gsm8k-96,1
metamath,gsm8k-97,1
metamath,gsm8k-98,1
metamath,gsm8k-99,1
metamath,gsm8k-100,1
metamath,gsm8k-101,1
metamath,gsm8k-102,1
metamath,gsm8k-103,1
metamath,gsm8k-104,1
metamath,gsm8k-105,1
metamath,gsm8k-106,0
metamath,gsm8k-107,1
metamath,gsm8k-108,0
metamath,gsm8k-109,1
metamath,gsm8k-110,1
metamath,gsm8k-111,0
metamath,gsm8k-112,1
metamath,gsm8k-113,1
metamath,gsm8k-114,1
metamath,gsm8k-115,0
metamath,gsm8k-116,1
metamath,gsm8k-117,1
metamath,gsm8k-118,1
metamath,gsm8k-119,0
metamath,gsm8k-120,1
metamath,gsm8k-121,1
metamath,gsm8k-122,0
metamath,gsm8k-123,1
metamath,gsm8k-124,1
metamath,gsm8k-125,0
metamath,gsm8k-126,1
metamath,gsm8k-127,1
metamath,gsm8k-128,1
metamath,gsm8k-129,1
metamath,gsm8k-130,1
metamath,gsm8k-131,1
metamath,gsm8k-132,1
metamath,gsm8k-133,1
metamath,gsm8k-134,1
metamath,gsm8k-135,1
metamath,gsm8k-136,1
metamath,gsm8k-137,0
metamath,gsm8k-138,1
metamath,gsm8k-139,1
metamath,gsm8k-140,1
metamath,gsm8k-141,1
metamath,gsm8k-142,1
metamath,gsm8k-143,0
metamath,gsm8k-144,0
metamath,gsm8k-145,1
metamath,gsm8k-146,0
metamath,gsm8k-147,0
metamath,gsm8k-148,1
metamath,gsm8k-149,1
metamath,gsm8k-150,0
metamath,gsm8k-151,1
metamath,gsm8k-152,1
metamath,gsm8k-153,0
metamath,gsm8k-154,1
metamath,gsm8k-155,0
metamath,gsm8k-156,1
metamath,gsm8k-157,0
metamath,gsm8k-158,1
metamath,gsm8k-159,1
metamath,gsm8k-160,1
metamath,gsm8k-161,1
metamath,gsm8k-162,1
metamath,gsm8k-163,0
metamath,gsm8k-164,1
metamath,gsm8k-165,1
metamath,gsm8k-166,1
metamath,gsm8k-167,1
metamath,gsm8k-168,1
metamath,gsm8k-169,1
metamath,gsm8k-170,1
metamath,gsm8k-171,1
metamath,gsm8k-172,1
metamath,gsm8k-173,0
metamath,gsm8k-174,1
metamath,gsm8k-175,0
metamath,gsm8k-176,1
metamath,gsm8k-177,0
metamath,gsm8k-178,1
metamath,gsm8k-179,1
metamath,gsm8k-180,1
metamath,gsm8k-181,0
metamath,gsm8k-182,0
metamath,gsm8k-183,1
metamath,gsm8k-184,1
metamath,gsm8k-185,1
metamath,gsm8k-186,0
metamath,gsm8k-187,1
metamath,gsm8k-188,0
metamath,gsm8k-189,1
metamath,gsm8k-190,1
metamath,gsm8k-191,1
metamath,gsm8k-192,0
metamath,gsm8k-193,0
metamath,gsm8k-194,1
metamath,gsm8k-195,1
metamath,gsm8k-196,1
metamath,gsm8k-197,1
metamath,gsm8k-198,0
metamath,gsm8k-199,0
metamath,gsm8k-200,1
metamath,gsm8k-201,1
metamath,gsm8k-202,1
metamath,gsm8k-203,1
metamath,gsm8k-204,1
metamath,gsm8k-205,0
metamath,gsm8k-206,1
metamath,gsm8k-207,1
metamath,gsm8k-208,1
metamath,gsm8k-209,0
metamath,gsm8k-210,0
metamath,gsm8k-211,1
metamath,gsm8k-212,1
metamath,gsm8k-213,1
metamath,gsm8k-214,0
metamath,gsm8k-215,1
metamath,gsm8k-216,1
metamath,gsm8k-217,1
metamath,gsm8k-218,0
metamath,gsm8k-219,1
metamath,gsm8k-220,1
metamath,gsm8k-221,1
metamath,gsm8k-222,1
metamath,gsm8k-223,1
metamath,gsm8k-224,1
metamath,gsm8k-225,1
metamath,gsm8k-226,1
metamath,gsm8k-227,1
metamath,gsm8k-228,1
metamath,gsm8k-229,1
metamath,gsm8k-230,1
metamath,gsm8k-231,1
metamath,gsm8k-232,1
metamath,gsm8k-233,1
metamath,gsm8k-234,1
metamath,gsm8k-235,1
metamath,gsm8k-236,0
metamath,gsm8k-237,1
metamath,gsm8k-238,1
metamath,gsm8k-239,1
metamath,gsm8k-240,1
metamath,gsm8k-241,1
metamath,gsm8k-242,1
metamath,gsm8k-243,1
metamath,gsm8k-244,1
metamath,gsm8k-245,0
metamath,gsm8k-246,1
metamath,gsm8k-247,1
metamath,gsm8k-248,1
metamath,gsm8k-249,0
metamath,gsm8k-250,0
metamath,gsm8k-251,1
metamath,gsm8k-252,0
metamath,gsm8k-253,1
metamath,gsm8k-254,1
metamath,gsm8k-255,0
metamath,gsm8k-256,0
metamath,gsm8k-257,0
metamath,gsm8k-258,1
metamath,gsm8k-259,1
metamath,gsm8k-260,0
metamath,gsm8k-261,1
metamath,gsm8k-262,1
metamath,gsm8k-263,1
metamath,gsm8k-264,1
metamath,gsm8k-265,0
metamath,gsm8k-266,1
metamath,gsm8k-267,0
metamath,gsm8k-268,1
metamath,gsm8k-269,1
metamath,gsm8k-270,1
metamath,gsm8k-271,1
metamath,gsm8k-272,1
metamath,gsm8k-273,1
metamath,gsm8k-274,1
metamath,gsm8k-275,1
metamath,gsm8k-276,1
metamath,gsm8k-277,1
metamath,gsm8k-278,1
metamath,gsm8k-279,1
metamath,gsm8k-280,1
metamath,gsm8k-281,1
metamath,gsm8k-282,1
metamath,gsm8k-283,1
metamath,gsm8k-284,0
metamath,gsm8k-285,1
metamath,gsm8k-286,1
metamath,gsm8k-287,1
metamath,gsm8k-288,1
metamath,gsm8k-289,1
metamath,gsm8k-290,1
metamath,gsm8k-291,1
metamath,gsm8k-292,1
metamath,gsm8k-293,0
metamath,gsm8k-294,1
metamath,gsm8k-295,1
metamath,gsm8k-296,1
metamath,gsm8k-297,1
metamath,gsm8k-298,0
metamath,gsm8k-299,0
metamath,gsm8k-300,1
metamath,gsm8k-301,0
metamath,gsm8k-302,1
metamath,gsm8k-303,0
metamath,gsm8k-304,1
metamath,gsm8k-305,1
metamath,gsm8k-306,1
metamath,gsm8k-307,1
metamath,gsm8k-308,1
metamath,gsm8k-309,1
metamath,gsm8k-310,0
metamath,gsm8k-311,1
metamath,gsm8k-312,1
metamath,gsm8k-313,1
metamath,gsm8k-314,1
metamath,gsm8k-315,1
metamath,gsm8k-316,1
metamath,gsm8k-317,1
metamath,gsm8k-318,1
metamath,gsm8k-319,1
metamath,gsm8k-320,0
metamath,gsm8k-321,1
metamath,gsm8k-322,0
metamath,gsm8k-323,1
metamath,gsm8k-324,0
metamath,gsm8k-325,1
metamath,gsm8k-326,1
metamath,gsm8k-327,1
metamath,gsm8k-328,1
metamath,gsm8k-329,1
metamath,gsm8k-330,1
metamath,gsm8k-331,0
metamath,gsm8k-332,1
metamath,gsm8k-333,1
metamath,gsm8k-334,1
metamath,gsm8k-335,1
metamath,gsm8k-336,1
metamath,gsm8k-337,1
metamath,gsm8k-338,0
metamath,gsm8k-339,1
metamath,gsm8k-340,0
metamath,gsm8k-341,0
metamath,gsm8k-342,1
metamath,gsm8k-343,1
metamath,gsm8k-344,1
metamath,gsm8k-345,1
metamath,gsm8k-346,1
metamath,gsm8k-347,1
metamath,gsm8k-348,1
metamath,gsm8k-349,1
metamath,gsm8k-350,1
metamath,gsm8k-351,1
metamath,gsm8k-352,1
metamath,gsm8k-353,0
metamath,gsm8k-354,1
metamath,gsm8k-355,1
metamath,gsm8k-356,1
metamath,gsm8k-357,0
metamath,gsm8k-358,1
metamath,gsm8k-359,0
metamath,gsm8k-360,1
metamath,gsm8k-361,0
metamath,gsm8k-362,1
metamath,gsm8k-363,1
metamath,gsm8k-364,1
metamath,gsm8k-365,1
metamath,gsm8k-366,1
metamath,gsm8k-367,0
metamath,gsm8k-368,0
metamath,gsm8k-369,1
metamath,gsm8k-370,1
metamath,gsm8k-371,1
metamath,gsm8k-372,1
metamath,gsm8k-373,1
metamath,gsm8k-374,1
metamath,gsm8k-375,1
metamath,gsm8k-376,1
metamath,gsm8k-377,1
metamath,gsm8k-378,1
metamath,gsm8k-379,1
metamath,gsm8k-380,1
metamath,gsm8k-381,1
metamath,gsm8k-382,1
metamath,gsm8k-383,1
metamath,gsm8k-384,1
metamath,gsm8k-385,1
metamath,gsm8k-386,1
metamath,gsm8k-387,1
metamath,gsm8k-388,1
metamath,gsm8k-389,1
metamath,gsm8k-390,1
metamath,gsm8k-391,1
metamath,gsm8k-392,1
metamath,gsm8k-393,1
metamath,gsm8k-394,1
metamath,gsm8k-395,0
metamath,gsm8k-396,1
metamath,gsm8k-397,1
metamath,gsm8k-398,0
metamath,gsm8k-399,1
metamath,gsm8k-400,1
metamath,gsm8k-401,1
metamath,gsm8k-402,1
metamath,gsm8k-403,0
metamath,gsm8k-404,1
metamath,gsm8k-405,1
metamath,gsm8k-406,0
metamath,gsm8k-407,1
metamath,gsm8k-408,1
metamath,gsm8k-409,0
metamath,gsm8k-410,0
metamath,gsm8k-411,1
metamath,gsm8k-412,1
metamath,gsm8k-413,0
metamath,gsm8k-414,1
metamath,gsm8k-415,1
metamath,gsm8k-416,0
metamath,gsm8k-417,1
metamath,gsm8k-418,1
metamath,gsm8k-419,1
metamath,gsm8k-420,1
metamath,gsm8k-421,1
metamath,gsm8k-422,0
metamath,gsm8k-423,0
metamath,gsm8k-424,1
metamath,gsm8k-425,1
metamath,gsm8k-426,1
metamath,gsm8k-427,0
metamath,gsm8k-428,0
metamath,gsm8k-429,1
metamath,gsm8k-430,1
metamath,gsm8k-431,1
metamath,gsm8k-432,1
metamath,gsm8k-433,0
metamath,gsm8k-434,0
metamath,gsm8k-435,1
metamath,gsm8k-436,1
metamath,gsm8k-437,1
metamath,gsm8k-438,1
metamath,gsm8k-439,0
metamath,gsm8k-440,1
metamath,gsm8k-441,1
metamath,gsm8k-442,1
metamath,gsm8k-443,0
metamath,gsm8k-444,1
metamath,gsm8k-445,1
metamath,gsm8k-446,1
metamath,gsm8k-447,1
metamath,gsm8k-448,1
metamath,gsm8k-449,1
metamath,gsm8k-450,1
metamath,gsm8k-451,1
metamath,gsm8k-452,1
metamath,gsm8k-453,0
metamath,gsm8k-454,0
metamath,gsm8k-455,1
metamath,gsm8k-456,1
metamath,gsm8k-457,1
metamath,gsm8k-458,1
metamath,gsm8k-459,1
metamath,gsm8k-460,1
metamath,gsm8k-461,1
metamath,gsm8k-462,1
metamath,gsm8k-463,1
metamath,gsm8k-464,1
metamath,gsm8k-465,1
metamath,gsm8k-466,1
metamath,gsm8k-467,1
metamath,gsm8k-468,1
metamath,gsm8k-469,1
metamath,gsm8k-470,1
metamath,gsm8k-471,1
metamath,gsm8k-472,1
metamath,gsm8k-473,1
metamath,gsm8k-474,1
metamath,gsm8k-475,0
metamath,gsm8k-476,1
metamath,gsm8k-477,1
metamath,gsm8k-478,1
metamath,gsm8k-479,1
metamath,gsm8k-480,1
metamath,gsm8k-481,1
metamath,gsm8k-482,1
metamath,gsm8k-483,1
metamath,gsm8k-484,1
metamath,gsm8k-485,1
metamath,gsm8k-486,1
metamath,gsm8k-487,1
metamath,gsm8k-488,1
metamath,gsm8k-489,1
metamath,gsm8k-490,1
metamath,gsm8k-491,1
metamath,gsm8k-492,1
metamath,gsm8k-493,1
metamath,gsm8k-494,0
metamath,gsm8k-495,1
metamath,gsm8k-496,1
metamath,gsm8k-497,1
metamath,gsm8k-498,1
metamath,gsm8k-499,1
metamath,gsm8k-500,1
metamath,gsm8k-501,1
metamath,gsm8k-502,1
metamath,gsm8k-503,1
metamath,gsm8k-504,1
metamath,gsm8k-505,0
metamath,gsm8k-506,0
metamath,gsm8k-507,1
metamath,gsm8k-508,1
metamath,gsm8k-509,1
metamath,gsm8k-510,0
metamath,gsm8k-511,1
metamath,gsm8k-512,1
metamath,gsm8k-513,1
metamath,gsm8k-514,1
metamath,gsm8k-515,1
metamath,gsm8k-516,1
metamath,gsm8k-517,1
metamath,gsm8k-518,1
metamath,gsm8k-519,1
metamath,gsm8k-520,1
metamath,gsm8k-521,1
metamath,gsm8k-522,1
metamath,gsm8k-523,1
metamath,gsm8k-524,1
metamath,gsm8k-525,0
metamath,gsm8k-526,0
metamath,gsm8k-527,1
metamath,gsm8k-528,1
metamath,gsm8k-529,1
metamath,gsm8k-530,0
metamath,gsm8k-531,0
metamath,gsm8k-532,0
metamath,gsm8k-533,1
metamath,gsm8k-534,1
metamath,gsm8k-535,1
metamath,gsm8k-536,1
metamath,gsm8k-537,1
metamath,gsm8k-538,1
metamath,gsm8k-539,0
metamath,gsm8k-540,1
metamath,gsm8k-541,0
metamath,gsm8k-542,1
metamath,gsm8k-543,1
metamath,gsm8k-544,1
metamath,gsm8k-545,1
metamath,gsm8k-546,0
metamath,gsm8k-547,1
metamath,gsm8k-548,1
metamath,gsm8k-549,1
metamath,gsm8k-550,1
metamath,gsm8k-551,1
metamath,gsm8k-552,1
metamath,gsm8k-553,1
metamath,gsm8k-554,0
metamath,gsm8k-555,1
metamath,gsm8k-556,0
metamath,gsm8k-557,1
metamath,gsm8k-558,1
metamath,gsm8k-559,1
metamath,gsm8k-560,1
metamath,gsm8k-561,1
metamath,gsm8k-562,1
metamath,gsm8k-563,1
metamath,gsm8k-564,0
metamath,gsm8k-565,1
metamath,gsm8k-566,0
metamath,gsm8k-567,1
metamath,gsm8k-568,1
metamath,gsm8k-569,1
metamath,gsm8k-570,0
metamath,gsm8k-571,1
metamath,gsm8k-572,1
metamath,gsm8k-573,1
metamath,gsm8k-574,0
metamath,gsm8k-575,1
metamath,gsm8k-576,0
metamath,gsm8k-577,0
metamath,gsm8k-578,1
metamath,gsm8k-579,1
metamath,gsm8k-580,0
metamath,gsm8k-581,1
metamath,gsm8k-582,1
metamath,gsm8k-583,1
metamath,gsm8k-584,0
metamath,gsm8k-585,1
metamath,gsm8k-586,1
metamath,gsm8k-587,0
metamath,gsm8k-588,1
metamath,gsm8k-589,0
metamath,gsm8k-590,0
metamath,gsm8k-591,1
metamath,gsm8k-592,1
metamath,gsm8k-593,0
metamath,gsm8k-594,1
metamath,gsm8k-595,0
metamath,gsm8k-596,1
metamath,gsm8k-597,1
metamath,gsm8k-598,1
metamath,gsm8k-599,1
metamath,gsm8k-600,1
metamath,gsm8k-601,0
metamath,gsm8k-602,1
metamath,gsm8k-603,0
metamath,gsm8k-604,1
metamath,gsm8k-605,1
metamath,gsm8k-606,0
metamath,gsm8k-607,1
metamath,gsm8k-608,1
metamath,gsm8k-609,1
metamath,gsm8k-610,0
metamath,gsm8k-611,0
metamath,gsm8k-612,1
metamath,gsm8k-613,1
metamath,gsm8k-614,1
metamath,gsm8k-615,1
metamath,gsm8k-616,1
metamath,gsm8k-617,1
metamath,gsm8k-618,1
metamath,gsm8k-619,1
metamath,gsm8k-620,1
metamath,gsm8k-621,0
metamath,gsm8k-622,1
metamath,gsm8k-623,1
metamath,gsm8k-624,1
metamath,gsm8k-625,1
metamath,gsm8k-626,1
metamath,gsm8k-627,1
metamath,gsm8k-628,1
metamath,gsm8k-629,1
metamath,gsm8k-630,1
metamath,gsm8k-631,1
metamath,gsm8k-632,1
metamath,gsm8k-633,1
metamath,gsm8k-634,1
metamath,gsm8k-635,1
metamath,gsm8k-636,1
metamath,gsm8k-637,1
metamath,gsm8k-638,1
metamath,gsm8k-639,1
metamath,gsm8k-640,1
metamath,gsm8k-641,0
metamath,gsm8k-642,1
metamath,gsm8k-643,1
metamath,gsm8k-644,1
metamath,gsm8k-645,1
metamath,gsm8k-646,1
metamath,gsm8k-647,1
metamath,gsm8k-648,1
metamath,gsm8k-649,0
metamath,gsm8k-650,0
metamath,gsm8k-651,0
metamath,gsm8k-652,0
metamath,gsm8k-653,1
metamath,gsm8k-654,1
metamath,gsm8k-655,1
metamath,gsm8k-656,1
metamath,gsm8k-657,1
metamath,gsm8k-658,1
metamath,gsm8k-659,1
metamath,gsm8k-660,0
metamath,gsm8k-661,1
metamath,gsm8k-662,1
metamath,gsm8k-663,1
metamath,gsm8k-664,1
metamath,gsm8k-665,1
metamath,gsm8k-666,1
metamath,gsm8k-667,1
metamath,gsm8k-668,1
metamath,gsm8k-669,1
metamath,gsm8k-670,1
metamath,gsm8k-671,1
metamath,gsm8k-672,0
metamath,gsm8k-673,1
metamath,gsm8k-674,1
metamath,gsm8k-675,0
metamath,gsm8k-676,1
metamath,gsm8k-677,1
metamath,gsm8k-678,1
metamath,gsm8k-679,1
metamath,gsm8k-680,1
metamath,gsm8k-681,1
metamath,gsm8k-682,0
metamath,gsm8k-683,1
metamath,gsm8k-684,1
metamath,gsm8k-685,1
metamath,gsm8k-686,1
metamath,gsm8k-687,1
metamath,gsm8k-688,1
metamath,gsm8k-689,1
metamath,gsm8k-690,1
metamath,gsm8k-691,0
metamath,gsm8k-692,1
metamath,gsm8k-693,1
metamath,gsm8k-694,1
metamath,gsm8k-695,1
metamath,gsm8k-696,1
metamath,gsm8k-697,1
metamath,gsm8k-698,1
metamath,gsm8k-699,1
metamath,gsm8k-700,1
metamath,gsm8k-701,0
metamath,gsm8k-702,1
metamath,gsm8k-703,1
metamath,gsm8k-704,1
metamath,gsm8k-705,1
metamath,gsm8k-706,0
metamath,gsm8k-707,0
metamath,gsm8k-708,1
metamath,gsm8k-709,0
metamath,gsm8k-710,0
metamath,gsm8k-711,1
metamath,gsm8k-712,1
metamath,gsm8k-713,1
metamath,gsm8k-714,1
metamath,gsm8k-715,1
metamath,gsm8k-716,1
metamath,gsm8k-717,1
metamath,gsm8k-718,1
metamath,gsm8k-719,1
metamath,gsm8k-720,1
metamath,gsm8k-721,0
metamath,gsm8k-722,1
metamath,gsm8k-723,1
metamath,gsm8k-724,0
metamath,gsm8k-725,0
metamath,gsm8k-726,1
metamath,gsm8k-727,1
metamath,gsm8k-728,1
metamath,gsm8k-729,1
metamath,gsm8k-730,1
metamath,gsm8k-731,1
metamath,gsm8k-732,0
metamath,gsm8k-733,1
metamath,gsm8k-734,1
metamath,gsm8k-735,1
metamath,gsm8k-736,0
metamath,gsm8k-737,1
metamath,gsm8k-738,1
metamath,gsm8k-739,1
metamath,gsm8k-740,1
metamath,gsm8k-741,1
metamath,gsm8k-742,1
metamath,gsm8k-743,1
metamath,gsm8k-744,1
metamath,gsm8k-745,1
metamath,gsm8k-746,1
metamath,gsm8k-747,1
metamath,gsm8k-748,0
metamath,gsm8k-749,0
metamath,gsm8k-750,1
metamath,gsm8k-751,1
metamath,gsm8k-752,1
metamath,gsm8k-753,1
metamath,gsm8k-754,0
metamath,gsm8k-755,1
metamath,gsm8k-756,1
metamath,gsm8k-757,1
metamath,gsm8k-758,1
metamath,gsm8k-759,1
metamath,gsm8k-760,1
metamath,gsm8k-761,1
metamath,gsm8k-762,1
metamath,gsm8k-763,1
metamath,gsm8k-764,1
metamath,gsm8k-765,1
metamath,gsm8k-766,1
metamath,gsm8k-767,1
metamath,gsm8k-768,1
metamath,gsm8k-769,0
metamath,gsm8k-770,0
metamath,gsm8k-771,1
metamath,gsm8k-772,0
metamath,gsm8k-773,1
metamath,gsm8k-774,1
metamath,gsm8k-775,1
metamath,gsm8k-776,1
metamath,gsm8k-777,1
metamath,gsm8k-778,1
metamath,gsm8k-779,0
metamath,gsm8k-780,0
metamath,gsm8k-781,1
metamath,gsm8k-782,0
metamath,gsm8k-783,0
metamath,gsm8k-784,1
metamath,gsm8k-785,1
metamath,gsm8k-786,1
metamath,gsm8k-787,1
metamath,gsm8k-788,1
metamath,gsm8k-789,0
metamath,gsm8k-790,0
metamath,gsm8k-791,1
metamath,gsm8k-792,1
metamath,gsm8k-793,1
metamath,gsm8k-794,1
metamath,gsm8k-795,1
metamath,gsm8k-796,0
metamath,gsm8k-797,1
metamath,gsm8k-798,1
metamath,gsm8k-799,1
metamath,gsm8k-800,1
metamath,gsm8k-801,1
metamath,gsm8k-802,0
metamath,gsm8k-803,1
metamath,gsm8k-804,1
metamath,gsm8k-805,1
metamath,gsm8k-806,0
metamath,gsm8k-807,0
metamath,gsm8k-808,1
metamath,gsm8k-809,1
metamath,gsm8k-810,1
metamath,gsm8k-811,1
metamath,gsm8k-812,0
metamath,gsm8k-813,0
metamath,gsm8k-814,0
metamath,gsm8k-815,0
metamath,gsm8k-816,1
metamath,gsm8k-817,1
metamath,gsm8k-818,1
metamath,gsm8k-819,1
metamath,gsm8k-820,1
metamath,gsm8k-821,1
metamath,gsm8k-822,1
metamath,gsm8k-823,0
metamath,gsm8k-824,1
metamath,gsm8k-825,1
metamath,gsm8k-826,1
metamath,gsm8k-827,0
metamath,gsm8k-828,1
metamath,gsm8k-829,0
metamath,gsm8k-830,1
metamath,gsm8k-831,0
metamath,gsm8k-832,1
metamath,gsm8k-833,1
metamath,gsm8k-834,1
metamath,gsm8k-835,0
metamath,gsm8k-836,1
metamath,gsm8k-837,0
metamath,gsm8k-838,1
metamath,gsm8k-839,1
metamath,gsm8k-840,1
metamath,gsm8k-841,1
metamath,gsm8k-842,1
metamath,gsm8k-843,1
metamath,gsm8k-844,1
metamath,gsm8k-845,0
metamath,gsm8k-846,1
metamath,gsm8k-847,1
metamath,gsm8k-848,1
metamath,gsm8k-849,1
metamath,gsm8k-850,1
metamath,gsm8k-851,0
metamath,gsm8k-852,1
metamath,gsm8k-853,1
metamath,gsm8k-854,0
metamath,gsm8k-855,0
metamath,gsm8k-856,1
metamath,gsm8k-857,1
metamath,gsm8k-858,0
metamath,gsm8k-859,1
metamath,gsm8k-860,1
metamath,gsm8k-861,1
metamath,gsm8k-862,1
metamath,gsm8k-863,1
metamath,gsm8k-864,1
metamath,gsm8k-865,1
metamath,gsm8k-866,1
metamath,gsm8k-867,1
metamath,gsm8k-868,1
metamath,gsm8k-869,1
metamath,gsm8k-870,1
metamath,gsm8k-871,0
metamath,gsm8k-872,1
metamath,gsm8k-873,1
metamath,gsm8k-874,1
metamath,gsm8k-875,1
metamath,gsm8k-876,1
metamath,gsm8k-877,0
metamath,gsm8k-878,0
metamath,gsm8k-879,1
metamath,gsm8k-880,1
metamath,gsm8k-881,1
metamath,gsm8k-882,1
metamath,gsm8k-883,0
metamath,gsm8k-884,1
metamath,gsm8k-885,1
metamath,gsm8k-886,1
metamath,gsm8k-887,1
metamath,gsm8k-888,1
metamath,gsm8k-889,1
metamath,gsm8k-890,1
metamath,gsm8k-891,1
metamath,gsm8k-892,1
metamath,gsm8k-893,1
metamath,gsm8k-894,0
metamath,gsm8k-895,1
metamath,gsm8k-896,1
metamath,gsm8k-897,0
metamath,gsm8k-898,1
metamath,gsm8k-899,1
metamath,gsm8k-900,1
metamath,gsm8k-901,0
metamath,gsm8k-902,1
metamath,gsm8k-903,1
metamath,gsm8k-904,1
metamath,gsm8k-905,1
metamath,gsm8k-906,1
metamath,gsm8k-907,1
metamath,gsm8k-908,1
metamath,gsm8k-909,0
metamath,gsm8k-910,1
metamath,gsm8k-911,1
metamath,gsm8k-912,1
metamath,gsm8k-913,0
metamath,gsm8k-914,1
metamath,gsm8k-915,1
metamath,gsm8k-916,1
metamath,gsm8k-917,1
metamath,gsm8k-918,1
metamath,gsm8k-919,1
metamath,gsm8k-920,1
metamath,gsm8k-921,0
metamath,gsm8k-922,1
metamath,gsm8k-923,0
metamath,gsm8k-924,1
metamath,gsm8k-925,1
metamath,gsm8k-926,0
metamath,gsm8k-927,1
metamath,gsm8k-928,1
metamath,gsm8k-929,1
metamath,gsm8k-930,1
metamath,gsm8k-931,0
metamath,gsm8k-932,0
metamath,gsm8k-933,1
metamath,gsm8k-934,1
metamath,gsm8k-935,0
metamath,gsm8k-936,1
metamath,gsm8k-937,1
metamath,gsm8k-938,1
metamath,gsm8k-939,1
metamath,gsm8k-940,1
metamath,gsm8k-941,1
metamath,gsm8k-942,0
metamath,gsm8k-943,1
metamath,gsm8k-944,1
metamath,gsm8k-945,1
metamath,gsm8k-946,1
metamath,gsm8k-947,1
metamath,gsm8k-948,1
metamath,gsm8k-949,1
metamath,gsm8k-950,1
metamath,gsm8k-951,0
metamath,gsm8k-952,0
metamath,gsm8k-953,0
metamath,gsm8k-954,1
metamath,gsm8k-955,1
metamath,gsm8k-956,1
metamath,gsm8k-957,1
metamath,gsm8k-958,1
metamath,gsm8k-959,1
metamath,gsm8k-960,1
metamath,gsm8k-961,1
metamath,gsm8k-962,0
metamath,gsm8k-963,1
metamath,gsm8k-964,1
metamath,gsm8k-965,1
metamath,gsm8k-966,1
metamath,gsm8k-967,0
metamath,gsm8k-968,1
metamath,gsm8k-969,1
metamath,gsm8k-970,1
metamath,gsm8k-971,1
metamath,gsm8k-972,0
metamath,gsm8k-973,1
metamath,gsm8k-974,1
metamath,gsm8k-975,1
metamath,gsm8k-976,0
metamath,gsm8k-977,1
metamath,gsm8k-978,1
metamath,gsm8k-979,0
metamath,gsm8k-980,1
metamath,gsm8k-981,1
metamath,gsm8k-982,1
metamath,gsm8k-983,0
metamath,gsm8k-984,1
metamath,gsm8k-985,1
metamath,gsm8k-986,1
metamath,gsm8k-987,1
metamath,gsm8k-988,1
metamath,gsm8k-989,1
metamath,gsm8k-990,1
metamath,gsm8k-991,1
metamath,gsm8k-992,1
metamath,gsm8k-993,1
metamath,gsm8k-994,0
metamath,gsm8k-995,1
metamath,gsm8k-996,1
metamath,gsm8k-997,1
metamath,gsm8k-998,1
metamath,gsm8k-999,0
metamath,gsm8k-1000,1
metamath,gsm8k-1001,0
metamath,gsm8k-1002,1
metamath,gsm8k-1003,0
metamath,gsm8k-1004,1
metamath,gsm8k-1005,1
metamath,gsm8k-1006,0
metamath,gsm8k-1007,1
metamath,gsm8k-1008,1
metamath,gsm8k-1009,1
metamath,gsm8k-1010,1
metamath,gsm8k-1011,0
metamath,gsm8k-1012,1
metamath,gsm8k-1013,1
metamath,gsm8k-1014,1
metamath,gsm8k-1015,1
metamath,gsm8k-1016,0
metamath,gsm8k-1017,0
metamath,gsm8k-1018,1
metamath,gsm8k-1019,1
metamath,gsm8k-1020,1
metamath,gsm8k-1021,1
metamath,gsm8k-1022,1
metamath,gsm8k-1023,1
metamath,gsm8k-1024,1
metamath,gsm8k-1025,1
metamath,gsm8k-1026,0
metamath,gsm8k-1027,1
metamath,gsm8k-1028,1
metamath,gsm8k-1029,1
metamath,gsm8k-1030,0
metamath,gsm8k-1031,1
metamath,gsm8k-1032,1
metamath,gsm8k-1033,1
metamath,gsm8k-1034,1
metamath,gsm8k-1035,0
metamath,gsm8k-1036,1
metamath,gsm8k-1037,1
metamath,gsm8k-1038,0
metamath,gsm8k-1039,1
metamath,gsm8k-1040,1
metamath,gsm8k-1041,1
metamath,gsm8k-1042,0
metamath,gsm8k-1043,1
metamath,gsm8k-1044,1
metamath,gsm8k-1045,1
metamath,gsm8k-1046,0
metamath,gsm8k-1047,1
metamath,gsm8k-1048,1
metamath,gsm8k-1049,0
metamath,gsm8k-1050,0
metamath,gsm8k-1051,1
metamath,gsm8k-1052,0
metamath,gsm8k-1053,1
metamath,gsm8k-1054,1
metamath,gsm8k-1055,1
metamath,gsm8k-1056,1
metamath,gsm8k-1057,1
metamath,gsm8k-1058,1
metamath,gsm8k-1059,1
metamath,gsm8k-1060,1
metamath,gsm8k-1061,1
metamath,gsm8k-1062,1
metamath,gsm8k-1063,1
metamath,gsm8k-1064,1
metamath,gsm8k-1065,1
metamath,gsm8k-1066,1
metamath,gsm8k-1067,1
metamath,gsm8k-1068,1
metamath,gsm8k-1069,0
metamath,gsm8k-1070,0
metamath,gsm8k-1071,0
metamath,gsm8k-1072,1
metamath,gsm8k-1073,0
metamath,gsm8k-1074,1
metamath,gsm8k-1075,0
metamath,gsm8k-1076,1
metamath,gsm8k-1077,0
metamath,gsm8k-1078,1
metamath,gsm8k-1079,1
metamath,gsm8k-1080,1
metamath,gsm8k-1081,1
metamath,gsm8k-1082,0
metamath,gsm8k-1083,1
metamath,gsm8k-1084,0
metamath,gsm8k-1085,1
metamath,gsm8k-1086,0
metamath,gsm8k-1087,1
metamath,gsm8k-1088,0
metamath,gsm8k-1089,0
metamath,gsm8k-1090,1
metamath,gsm8k-1091,1
metamath,gsm8k-1092,0
metamath,gsm8k-1093,1
metamath,gsm8k-1094,0
metamath,gsm8k-1095,1
metamath,gsm8k-1096,1
metamath,gsm8k-1097,1
metamath,gsm8k-1098,1
metamath,gsm8k-1099,1
metamath,gsm8k-1100,1
metamath,gsm8k-1101,1
metamath,gsm8k-1102,0
metamath,gsm8k-1103,1
metamath,gsm8k-1104,1
metamath,gsm8k-1105,0
metamath,gsm8k-1106,1
metamath,gsm8k-1107,1
metamath,gsm8k-1108,1
metamath,gsm8k-1109,1
metamath,gsm8k-1110,1
metamath,gsm8k-1111,1
metamath,gsm8k-1112,1
metamath,gsm8k-1113,1
metamath,gsm8k-1114,1
metamath,gsm8k-1115,1
metamath,gsm8k-1116,1
metamath,gsm8k-1117,1
metamath,gsm8k-1118,1
metamath,gsm8k-1119,1
metamath,gsm8k-1120,1
metamath,gsm8k-1121,1
metamath,gsm8k-1122,0
metamath,gsm8k-1123,1
metamath,gsm8k-1124,0
metamath,gsm8k-1125,1
metamath,gsm8k-1126,1
metamath,gsm8k-1127,1
metamath,gsm8k-1128,1
metamath,gsm8k-1129,0
metamath,gsm8k-1130,1
metamath,gsm8k-1131,1
metamath,gsm8k-1132,1
metamath,gsm8k-1133,1
metamath,gsm8k-1134,1
metamath,gsm8k-1135,1
metamath,gsm8k-1136,1
metamath,gsm8k-1137,0
metamath,gsm8k-1138,0
metamath,gsm8k-1139,1
metamath,gsm8k-1140,0
metamath,gsm8k-1141,1
metamath,gsm8k-1142,1
metamath,gsm8k-1143,1
metamath,gsm8k-1144,1
metamath,gsm8k-1145,1
metamath,gsm8k-1146,1
metamath,gsm8k-1147,1
metamath,gsm8k-1148,1
metamath,gsm8k-1149,1
metamath,gsm8k-1150,1
metamath,gsm8k-1151,1
metamath,gsm8k-1152,1
metamath,gsm8k-1153,1
metamath,gsm8k-1154,1
metamath,gsm8k-1155,1
metamath,gsm8k-1156,1
metamath,gsm8k-1157,1
metamath,gsm8k-1158,1
metamath,gsm8k-1159,0
metamath,gsm8k-1160,1
metamath,gsm8k-1161,0
metamath,gsm8k-1162,1
metamath,gsm8k-1163,1
metamath,gsm8k-1164,1
metamath,gsm8k-1165,0
metamath,gsm8k-1166,0
metamath,gsm8k-1167,1
metamath,gsm8k-1168,0
metamath,gsm8k-1169,1
metamath,gsm8k-1170,1
metamath,gsm8k-1171,1
metamath,gsm8k-1172,1
metamath,gsm8k-1173,1
metamath,gsm8k-1174,0
metamath,gsm8k-1175,0
metamath,gsm8k-1176,1
metamath,gsm8k-1177,1
metamath,gsm8k-1178,1
metamath,gsm8k-1179,1
metamath,gsm8k-1180,1
metamath,gsm8k-1181,0
metamath,gsm8k-1182,1
metamath,gsm8k-1183,0
metamath,gsm8k-1184,1
metamath,gsm8k-1185,0
metamath,gsm8k-1186,1
metamath,gsm8k-1187,0
metamath,gsm8k-1188,1
metamath,gsm8k-1189,1
metamath,gsm8k-1190,0
metamath,gsm8k-1191,1
metamath,gsm8k-1192,1
metamath,gsm8k-1193,0
metamath,gsm8k-1194,1
metamath,gsm8k-1195,1
metamath,gsm8k-1196,1
metamath,gsm8k-1197,1
metamath,gsm8k-1198,1
metamath,gsm8k-1199,1
metamath,gsm8k-1200,1
metamath,gsm8k-1201,0
metamath,gsm8k-1202,0
metamath,gsm8k-1203,0
metamath,gsm8k-1204,1
metamath,gsm8k-1205,1
metamath,gsm8k-1206,1
metamath,gsm8k-1207,1
metamath,gsm8k-1208,0
metamath,gsm8k-1209,1
metamath,gsm8k-1210,0
metamath,gsm8k-1211,1
metamath,gsm8k-1212,1
metamath,gsm8k-1213,1
metamath,gsm8k-1214,1
metamath,gsm8k-1215,1
metamath,gsm8k-1216,1
metamath,gsm8k-1217,0
metamath,gsm8k-1218,1
metamath,gsm8k-1219,1
metamath,gsm8k-1220,1
metamath,gsm8k-1221,1
metamath,gsm8k-1222,1
metamath,gsm8k-1223,1
metamath,gsm8k-1224,1
metamath,gsm8k-1225,1
metamath,gsm8k-1226,1
metamath,gsm8k-1227,1
metamath,gsm8k-1228,1
metamath,gsm8k-1229,1
metamath,gsm8k-1230,1
metamath,gsm8k-1231,0
metamath,gsm8k-1232,1
metamath,gsm8k-1233,1
metamath,gsm8k-1234,1
metamath,gsm8k-1235,1
metamath,gsm8k-1236,1
metamath,gsm8k-1237,1
metamath,gsm8k-1238,1
metamath,gsm8k-1239,0
metamath,gsm8k-1240,1
metamath,gsm8k-1241,1
metamath,gsm8k-1242,1
metamath,gsm8k-1243,1
metamath,gsm8k-1244,0
metamath,gsm8k-1245,1
metamath,gsm8k-1246,1
metamath,gsm8k-1247,1
metamath,gsm8k-1248,0
metamath,gsm8k-1249,0
metamath,gsm8k-1250,1
metamath,gsm8k-1251,0
metamath,gsm8k-1252,0
metamath,gsm8k-1253,0
metamath,gsm8k-1254,1
metamath,gsm8k-1255,1
metamath,gsm8k-1256,1
metamath,gsm8k-1257,1
metamath,gsm8k-1258,1
metamath,gsm8k-1259,1
metamath,gsm8k-1260,1
metamath,gsm8k-1261,1
metamath,gsm8k-1262,1
metamath,gsm8k-1263,1
metamath,gsm8k-1264,1
metamath,gsm8k-1265,1
metamath,gsm8k-1266,1
metamath,gsm8k-1267,1
metamath,gsm8k-1268,1
metamath,gsm8k-1269,0
metamath,gsm8k-1270,1
metamath,gsm8k-1271,1
metamath,gsm8k-1272,1
metamath,gsm8k-1273,1
metamath,gsm8k-1274,0
metamath,gsm8k-1275,1
metamath,gsm8k-1276,1
metamath,gsm8k-1277,1
metamath,gsm8k-1278,1
metamath,gsm8k-1279,1
metamath,gsm8k-1280,1
metamath,gsm8k-1281,1
metamath,gsm8k-1282,1
metamath,gsm8k-1283,1
metamath,gsm8k-1284,0
metamath,gsm8k-1285,1
metamath,gsm8k-1286,1
metamath,gsm8k-1287,1
metamath,gsm8k-1288,0
metamath,gsm8k-1289,1
metamath,gsm8k-1290,1
metamath,gsm8k-1291,1
metamath,gsm8k-1292,1
metamath,gsm8k-1293,1
metamath,gsm8k-1294,0
metamath,gsm8k-1295,1
metamath,gsm8k-1296,1
metamath,gsm8k-1297,0
metamath,gsm8k-1298,0
metamath,gsm8k-1299,1
metamath,gsm8k-1300,1
metamath,gsm8k-1301,0
metamath,gsm8k-1302,1
metamath,gsm8k-1303,0
metamath,gsm8k-1304,1
metamath,gsm8k-1305,1
metamath,gsm8k-1306,1
metamath,gsm8k-1307,1
metamath,gsm8k-1308,1
metamath,gsm8k-1309,0
metamath,gsm8k-1310,0
metamath,gsm8k-1311,1
metamath,gsm8k-1312,1
metamath,gsm8k-1313,1
metamath,gsm8k-1314,0
metamath,gsm8k-1315,1
metamath,gsm8k-1316,1
metamath,gsm8k-1317,1
metamath,gsm8k-1318,1
