prompt,is_code_prompt
"The following are multiple choice questions (with answers) about miscellaneous.

What was the acronym for the first computer, made back in 1946?
A. ENIAC
B. CASD
C. CNAC
D. CSREN
Answer:",False
"

def greatest_common_divisor(a: int, b: int) -> int:
    """""" Return a greatest common divisor of two integers a and b
    >>> greatest_common_divisor(3, 5)
    1
    >>> greatest_common_divisor(25, 15)
    5
    """"""
",True
"The following are multiple choice questions (with answers) about miscellaneous.

In which layer of Earth is the geomagnetic field generated?
A. Outer core
B. Crust
C. Mantle
D. Inner core
Answer:",False
"The following are multiple choice questions (with answers) about miscellaneous.

Which of the following is the most effective way to evaluate the development of a student's drafting skills throughout the school year?
A. Baseline assessment
B. Portfolio assessment
C. Short-answer unit assessment
D. Teacher-created assessment
Answer:",False
"The following are multiple choice questions (with answers) about miscellaneous.

What was the name of the 1999 art exhibit that sparked a national debate about censorship?
A. Sticks & Stones'
B. Pulsation'
C. Black & White'
D. Sensation'
Answer:",False
"The following are multiple choice questions (with answers) about miscellaneous.

What is the proletariat?
A. the homeless
B. the royalty
C. the upper class
D. the working class
Answer:",False
"

def skjkasdkd(lst):
    """"""You are given a list of integers.
    You need to find the largest prime value and return the sum of its digits.

    Examples:
    For lst = [0,3,2,1,3,5,7,4,5,5,5,2,181,32,4,32,3,2,32,324,4,3] the output should be 10
    For lst = [1,0,1,8,2,4597,2,1,3,40,1,2,1,2,4,2,5,1] the output should be 25
    For lst = [1,3,1,32,5107,34,83278,109,163,23,2323,32,30,1,9,3] the output should be 13
    For lst = [0,724,32,71,99,32,6,0,5,91,83,0,5,6] the output should be 11
    For lst = [0,81,12,3,1,21] the output should be 3
    For lst = [0,8,1,2,1,7] the output should be 7
    """"""
",True
"The following are multiple choice questions (with answers) about miscellaneous.

Which of the following candies is traditionally fruit flavored?
A. M&M's
B. Skittles
C. Reese's Pieces
D. Junior Mints
Answer:",False
"
def intersection(interval1, interval2):
    """"""You are given two intervals,
    where each interval is a pair of integers. For example, interval = (start, end) = (1, 2).
    The given intervals are closed which means that the interval (start, end)
    includes both start and end.
    For each given interval, it is assumed that its start is less or equal its end.
    Your task is to determine whether the length of intersection of these two 
    intervals is a prime number.
    Example, the intersection of the intervals (1, 3), (2, 4) is (2, 3)
    which its length is 1, which not a prime number.
    If the length of the intersection is a prime number, return ""YES"",
    otherwise, return ""NO"".
    If the two intervals don't intersect, return ""NO"".


    [input/output] samples:
    intersection((1, 2), (2, 3)) ==> ""NO""
    intersection((-1, 1), (0, 4)) ==> ""NO""
    intersection((-3, -1), (-5, 5)) ==> ""YES""
    """"""
",True
"The following are multiple choice questions (with answers) about miscellaneous.

Which of the following short-run costs always increases as output increases?
A. Average total cost
B. Marginal cost
C. Total fixed cost
D. Total variable cost
Answer:",False
"
def words_string(s):
    """"""
    You will be given a string of words separated by commas or spaces. Your task is
    to split the string into words and return an array of the words.
    
    For example:
    words_string(""Hi, my name is John"") == [""Hi"", ""my"", ""name"", ""is"", ""John""]
    words_string(""One, two, three, four, five, six"") == [""One"", ""two"", ""three"", ""four"", ""five"", ""six""]
    """"""
",True
"The following are multiple choice questions (with answers) about miscellaneous.

The legal basis for the escalation of United States involvement in the Vietnam War was the
A. declaration of war by Congress
B. passage of the Gulf of Tonkin Resolution by Congress
C. United Nations resolution condemning the North Vietnamese invasion of South Vietnam
D. mutual defense provisions of the North Atlantic Treaty Organization (NATO)
Answer:",False
"from typing import List, Tuple


def sum_product(numbers: List[int]) -> Tuple[int, int]:
    """""" For a given list of integers, return a tuple consisting of a sum and a product of all the integers in a list.
    Empty sum should be equal to 0 and empty product should be equal to 1.
    >>> sum_product([])
    (0, 1)
    >>> sum_product([1, 2, 3, 4])
    (10, 24)
    """"""
",True
"The following are multiple choice questions (with answers) about miscellaneous.

Which of these names has never belonged to a Pope?
A. Leo
B. Lando
C. Linus
D. Lawrence
Answer:",False
"from typing import List


def filter_by_prefix(strings: List[str], prefix: str) -> List[str]:
    """""" Filter an input list of strings only for ones that start with a given prefix.
    >>> filter_by_prefix([], 'a')
    []
    >>> filter_by_prefix(['abc', 'bcd', 'cde', 'array'], 'a')
    ['abc', 'array']
    """"""
",True
"The following are multiple choice questions (with answers) about miscellaneous.

Who co-founded Microsoft with Bill Gates?
A. Steve Jobs
B. Steve Wozniak
C. Paul Williams
D. Paul Allen
Answer:",False
"from typing import List


def remove_duplicates(numbers: List[int]) -> List[int]:
    """""" From a list of integers, remove all elements that occur more than once.
    Keep order of elements left the same as in the input.
    >>> remove_duplicates([1, 2, 3, 2, 4])
    [1, 3, 4]
    """"""
",True
"The following are multiple choice questions (with answers) about miscellaneous.

Which of these organs comes in A pair?
A. liver
B. kidney
C. stomach
D. gallbladder
Answer:",False
"The following are multiple choice questions (with answers) about miscellaneous.

What Greek poet wrote 'The Iliad' and 'The Odyssey'?
A. Sophocles
B. Plato
C. Homer
D. Socrates
Answer:",False
"

def fibfib(n: int):
    """"""The FibFib number sequence is a sequence similar to the Fibbonacci sequnece that's defined as follows:
    fibfib(0) == 0
    fibfib(1) == 0
    fibfib(2) == 1
    fibfib(n) == fibfib(n-1) + fibfib(n-2) + fibfib(n-3).
    Please write a function to efficiently compute the n-th element of the fibfib number sequence.
    >>> fibfib(1)
    0
    >>> fibfib(5)
    4
    >>> fibfib(8)
    24
    """"""
",True
"The following are multiple choice questions (with answers) about miscellaneous.

In 1909 Frederick Cook claimed to be the first explorer to reach what location?
A. Mount Everest
B. Bermuda Triangle
C. Atlantis
D. North Pole
Answer:",False
"The following are multiple choice questions (with answers) about miscellaneous.

What is New Mexico's nickname?
A. The Desert State'
B. Gateway to Paradise'
C. Land of Enchantment'
D. The Garden State'
Answer:",False
"from typing import List


def all_prefixes(string: str) -> List[str]:
    """""" Return list of all prefixes from shortest to longest of the input string
    >>> all_prefixes('abc')
    ['a', 'ab', 'abc']
    """"""
",True
"The following are multiple choice questions (with answers) about miscellaneous.

Which of the following best describes an effect of the green revolution in the 1960s?
A. Increased varieties of each crop planted
B. Increased use of fertilizers
C. Decreased use of mechanization
D. Decreased use of pesticides
Answer:",False
"The following are multiple choice questions (with answers) about miscellaneous.

Which of the following words does not appear in the Lewis Carroll poem 'Jabberwocky'?
A. brillig
B. bandersnatch
C. wabe
D. grelp
Answer:",False
"import math


def poly(xs: list, x: float):
    """"""
    Evaluates polynomial with coefficients xs at point x.
    return xs[0] + xs[1] * x + xs[1] * x^2 + .... xs[n] * x^n
    """"""
    return sum([coeff * math.pow(x, i) for i, coeff in enumerate(xs)])


def find_zero(xs: list):
    """""" xs are coefficients of a polynomial.
    find_zero find x such that poly(x) = 0.
    find_zero returns only only zero point, even if there are many.
    Moreover, find_zero only takes list xs having even number of coefficients
    and largest non zero coefficient as it guarantees
    a solution.
    >>> round(find_zero([1, 2]), 2) # f(x) = 1 + 2x
    -0.5
    >>> round(find_zero([-6, 11, -6, 1]), 2) # (x - 1) * (x - 2) * (x - 3) = -6 + 11x - 6x^2 + x^3
    1.0
    """"""
",True
"The following are multiple choice questions (with answers) about miscellaneous.

What term describes someone who does not believe in the existence of God?
A. hedonist
B. deist
C. agnostic
D. atheist
Answer:",False
"
def fruit_distribution(s,n):
    """"""
    In this task, you will be given a string that represents a number of apples and oranges 
    that are distributed in a basket of fruit this basket contains 
    apples, oranges, and mango fruits. Given the string that represents the total number of 
    the oranges and apples and an integer that represent the total number of the fruits 
    in the basket return the number of the mango fruits in the basket.
    for examble:
    fruit_distribution(""5 apples and 6 oranges"", 19) ->19 - 5 - 6 = 8
    fruit_distribution(""0 apples and 1 oranges"",3) -> 3 - 0 - 1 = 2
    fruit_distribution(""2 apples and 3 oranges"", 100) -> 100 - 2 - 3 = 95
    fruit_distribution(""100 apples and 1 oranges"",120) -> 120 - 100 - 1 = 19
    """"""
",True
"The following are multiple choice questions (with answers) about miscellaneous.

In 1989 scientists from Norway discovered that there are far more viruses in oceans lakes, and streams than previously believed. How many viruses did they find that a milliliter of natural water might contain?
A. up to 250
B. up to 25000
C. up to 2500000
D. up to 250000000
Answer:",False
"
def strange_sort_list(lst):
    '''
    Given list of integers, return list in strange order.
    Strange sorting, is when you start with the minimum value,
    then maximum of the remaining integers, then minimum and so on.

    Examples:
    strange_sort_list([1, 2, 3, 4]) == [1, 4, 2, 3]
    strange_sort_list([5, 5, 5, 5]) == [5, 5, 5, 5]
    strange_sort_list([]) == []
    '''
",True
"The following are multiple choice questions (with answers) about miscellaneous.

What does the 'ROM' in CD-ROM stand for?
A. Really Obscure Memory
B. Run-Other Memory
C. Random Object Memory
D. Read-Only Memory
Answer:",False
"The following are multiple choice questions (with answers) about miscellaneous.

Which of these is a virus?
A. Staphylococcus
B. Leukemia
C. Scoliosis
D. Chicken pox
Answer:",False
"
def x_or_y(n, x, y):
    """"""A simple program which should return the value of x if n is 
    a prime number and should return the value of y otherwise.

    Examples:
    for x_or_y(7, 34, 12) == 34
    for x_or_y(15, 8, 5) == 5
    
    """"""
",True
"from typing import List, Tuple


def find_closest_elements(numbers: List[float]) -> Tuple[float, float]:
    """""" From a supplied list of numbers (of length at least two) select and return two that are the closest to each
    other and return them in order (smaller number, larger number).
    >>> find_closest_elements([1.0, 2.0, 3.0, 4.0, 5.0, 2.2])
    (2.0, 2.2)
    >>> find_closest_elements([1.0, 2.0, 3.0, 4.0, 5.0, 2.0])
    (2.0, 2.0)
    """"""
",True
"
def odd_count(lst):
    """"""Given a list of strings, where each string consists of only digits, return a list.
    Each element i of the output should be ""the number of odd elements in the
    string i of the input."" where all the i's should be replaced by the number
    of odd digits in the i'th string of the input.

    >>> odd_count(['1234567'])
    [""the number of odd elements 4n the str4ng 4 of the 4nput.""]
    >>> odd_count(['3',""11111111""])
    [""the number of odd elements 1n the str1ng 1 of the 1nput."",
     ""the number of odd elements 8n the str8ng 8 of the 8nput.""]
    """"""
",True
"The following are multiple choice questions (with answers) about miscellaneous.

How is 4:00 pm expressed in military time?
A. 1600
B. 4
C. 400
D. 4:00
Answer:",False
"The following are multiple choice questions (with answers) about miscellaneous.

In which of the following bands did Jimmy Page not play guitar?
A. Bad Company
B. The Firm
C. Led Zeppelin
D. The Yardbirds
Answer:",False
"The following are multiple choice questions (with answers) about miscellaneous.

The first commercial radio station was located in what city?
A. Chicago
B. Austin
C. Pittsburgh
D. Cleveland
Answer:",False
"
def maximum(arr, k):
    """"""
    Given an array arr of integers and a positive integer k, return a sorted list 
    of length k with the maximum k numbers in arr.

    Example 1:

        Input: arr = [-3, -4, 5], k = 3
        Output: [-4, -3, 5]

    Example 2:

        Input: arr = [4, -4, 4], k = 2
        Output: [4, 4]

    Example 3:

        Input: arr = [-3, 2, 1, 2, -1, -2, 1], k = 1
        Output: [2]

    Note:
        1. The length of the array will be in the range of [1, 1000].
        2. The elements in the array will be in the range of [-1000, 1000].
        3. 0 <= k <= len(arr)
    """"""
",True
"

def is_prime(n):
    """"""Return true if a given number is prime, and false otherwise.
    >>> is_prime(6)
    False
    >>> is_prime(101)
    True
    >>> is_prime(11)
    True
    >>> is_prime(13441)
    True
    >>> is_prime(61)
    True
    >>> is_prime(4)
    False
    >>> is_prime(1)
    False
    """"""
",True
"The following are multiple choice questions (with answers) about miscellaneous.

Which of these is a government agency established to protect investors?
A. AAA
B. NBA
C. SEC
D. MADD
Answer:",False
"The following are multiple choice questions (with answers) about miscellaneous.

By what nickname is the Federal National Mortgage Association known?
A. Morty
B. FEMA
C. Freddie Mac
D. Fannie Mae
Answer:",False
"The following are multiple choice questions (with answers) about miscellaneous.

What is the name of Mario's brother in the 'Super Mario' video games?
A. Louis
B. Luigi
C. Luciano
D. Zelda
Answer:",False
"

def how_many_times(string: str, substring: str) -> int:
    """""" Find how many times a given substring can be found in the original string. Count overlaping cases.
    >>> how_many_times('', 'a')
    0
    >>> how_many_times('aaa', 'a')
    3
    >>> how_many_times('aaaa', 'aa')
    3
    """"""
",True
"
def can_arrange(arr):
    """"""Create a function which returns the largest index of an element which
    is not greater than or equal to the element immediately preceding it. If
    no such element exists then return -1. The given array will not contain
    duplicate values.

    Examples:
    can_arrange([1,2,4,3,5]) = 3
    can_arrange([1,2,3]) = -1
    """"""
",True
"
def decimal_to_binary(decimal):
    """"""You will be given a number in decimal form and your task is to convert it to
    binary format. The function should return a string, with each character representing a binary
    number. Each character in the string will be '0' or '1'.

    There will be an extra couple of characters 'db' at the beginning and at the end of the string.
    The extra characters are there to help with the format.

    Examples:
    decimal_to_binary(15)   # returns ""db1111db""
    decimal_to_binary(32)   # returns ""db100000db""
    """"""
",True
"from typing import List


def mean_absolute_deviation(numbers: List[float]) -> float:
    """""" For a given list of input numbers, calculate Mean Absolute Deviation
    around the mean of this dataset.
    Mean Absolute Deviation is the average absolute difference between each
    element and a centerpoint (mean in this case):
    MAD = average | x - x_mean |
    >>> mean_absolute_deviation([1.0, 2.0, 3.0, 4.0])
    1.0
    """"""
",True
"The following are multiple choice questions (with answers) about miscellaneous.

Who was president of the United States when Bill Clinton was born?
A. Herbert Hoover
B. Harry S Truman
C. Franklin Roosevelt
D. Dwight Eisenhower
Answer:",False
"The following are multiple choice questions (with answers) about miscellaneous.

In weaving, the vertical and horizontal threads in a loom are called the
A. bobbin and quill
B. shuttle and paddle
C. ply and twist
D. warp and weft
Answer:",False
"The following are multiple choice questions (with answers) about miscellaneous.

Which of these plants is the national emblem of Scotland?
A. ivy
B. thistle
C. rose
D. linden
Answer:",False
"The following are multiple choice questions (with answers) about miscellaneous.

The labor force primarily consists of all
A. employed workers under the age of 16
B. persons classified as unemployed or employed
C. persons who are employed as full-time workers
D. unemployed, employed, and discouraged workers
Answer:",False
"The following are multiple choice questions (with answers) about miscellaneous.

The primary purpose of antitrust laws is to
A. help businesses that are in financial trouble
B. encourage business investment
C. prevent business behavior that hampers competition
D. establish trust between government and businesses
Answer:",False
"
def encrypt(s):
    """"""Create a function encrypt that takes a string as an argument and
    returns a string encrypted with the alphabet being rotated. 
    The alphabet should be rotated in a manner such that the letters 
    shift down by two multiplied to two places.
    For example:
    encrypt('hi') returns 'lm'
    encrypt('asdfghjkl') returns 'ewhjklnop'
    encrypt('gf') returns 'kj'
    encrypt('et') returns 'ix'
    """"""
",True
"

def is_palindrome(text: str):
    """"""
    Checks if given string is a palindrome
    >>> is_palindrome('')
    True
    >>> is_palindrome('aba')
    True
    >>> is_palindrome('aaaaa')
    True
    >>> is_palindrome('zbcd')
    False
    """"""
",True
"
def solution(lst):
    """"""Given a non-empty list of integers, return the sum of all of the odd elements that are in even positions.
    

    Examples
    solution([5, 8, 7, 1]) ==> 12
    solution([3, 3, 3, 3, 3]) ==> 9
    solution([30, 13, 24, 321]) ==>0
    """"""
",True
"The following are multiple choice questions (with answers) about miscellaneous.

Before he went into coaching Phil Jackson played for which of the following NBA teams?
A. Boston Celtics
B. Los Angeles Lakers
C. New York Knicks
D. Philadelphia 76ers
Answer:",False
"
def histogram(test):
    """"""Given a string representing a space separated lowercase letters, return a dictionary
    of the letter with the most repetition and containing the corresponding count.
    If several letters have the same occurrence, return all of them.
    
    Example:
    histogram('a b c') == {'a': 1, 'b': 1, 'c': 1}
    histogram('a b b a') == {'a': 2, 'b': 2}
    histogram('a b c a b') == {'a': 2, 'b': 2}
    histogram('b b b b a') == {'b': 4}
    histogram('') == {}

    """"""
",True
"The following are multiple choice questions (with answers) about miscellaneous.

In the classic song 'Take Me Out to the Ballgame' for whom do we 'root root root'?
A. the umpire
B. the home team
C. the bat boy
D. Mighty Casey
Answer:",False
"from typing import List, Any


def filter_integers(values: List[Any]) -> List[int]:
    """""" Filter given list of any python values only for integers
    >>> filter_integers(['a', 3.14, 5])
    [5]
    >>> filter_integers([1, 2, 3, 'abc', {}, []])
    [1, 2, 3]
    """"""
",True
"The following are multiple choice questions (with answers) about miscellaneous.

What color is Uncle Sam's goatee?
A. brown
B. black
C. white
D. dishwater blond
Answer:",False
"
def file_name_check(file_name):
    """"""Create a function which takes a string representing a file's name, and returns
    'Yes' if the the file's name is valid, and returns 'No' otherwise.
    A file's name is considered to be valid if and only if all the following conditions 
    are met:
    - There should not be more than three digits ('0'-'9') in the file's name.
    - The file's name contains exactly one dot '.'
    - The substring before the dot should not be empty, and it starts with a letter from 
    the latin alphapet ('a'-'z' and 'A'-'Z').
    - The substring after the dot should be one of these: ['txt', 'exe', 'dll']
    Examples:
    file_name_check(""example.txt"") # => 'Yes'
    file_name_check(""1example.dll"") # => 'No' (the name should start with a latin alphapet letter)
    """"""
",True
"
def is_sorted(lst):
    '''
    Given a list of numbers, return whether or not they are sorted
    in ascending order. If list has more than 1 duplicate of the same
    number, return False. Assume no negative numbers and only integers.

    Examples
    is_sorted([5]) ➞ True
    is_sorted([1, 2, 3, 4, 5]) ➞ True
    is_sorted([1, 3, 2, 4, 5]) ➞ False
    is_sorted([1, 2, 3, 4, 5, 6]) ➞ True
    is_sorted([1, 2, 3, 4, 5, 6, 7]) ➞ True
    is_sorted([1, 3, 2, 4, 5, 6, 7]) ➞ False
    is_sorted([1, 2, 2, 3, 3, 4]) ➞ True
    is_sorted([1, 2, 2, 2, 3, 4]) ➞ False
    '''
",True
"
def hex_key(num):
    """"""You have been tasked to write a function that receives 
    a hexadecimal number as a string and counts the number of hexadecimal 
    digits that are primes (prime number, or a prime, is a natural number 
    greater than 1 that is not a product of two smaller natural numbers).
    Hexadecimal digits are 0, 1, 2, 3, 4, 5, 6, 7, 8, 9, A, B, C, D, E, F.
    Prime numbers are 2, 3, 5, 7, 11, 13, 17,...
    So you have to determine a number of the following digits: 2, 3, 5, 7, 
    B (=decimal 11), D (=decimal 13).
    Note: you may assume the input is always correct or empty string, 
    and symbols A,B,C,D,E,F are always uppercase.
    Examples:
    For num = ""AB"" the output should be 1.
    For num = ""1077E"" the output should be 2.
    For num = ""ABED1A33"" the output should be 4.
    For num = ""123456789ABCDEF0"" the output should be 6.
    For num = ""2020"" the output should be 2.
    """"""
",True
"The following are multiple choice questions (with answers) about miscellaneous.

Which of these dishes is made from pig intestines?
A. haggis
B. chitlins
C. grits
D. chop suey
Answer:",False
"The following are multiple choice questions (with answers) about miscellaneous.

Which of these popular games relies on bluffing?
A. Outburst
B. Balderdash
C. Pictionary
D. Scattergories
Answer:",False
"
def is_multiply_prime(a):
    """"""Write a function that returns true if the given number is the multiplication of 3 prime numbers
    and false otherwise.
    Knowing that (a) is less then 100. 
    Example:
    is_multiply_prime(30) == True
    30 = 2 * 3 * 5
    """"""
",True
"

def below_threshold(l: list, t: int):
    """"""Return True if all numbers in the list l are below threshold t.
    >>> below_threshold([1, 2, 4, 10], 100)
    True
    >>> below_threshold([1, 20, 4, 10], 5)
    False
    """"""
",True
"The following are multiple choice questions (with answers) about miscellaneous.

The loss of water in the form of vapor from plants is referred to as the
A. transpiration
B. respiration
C. oxidation
D. condensation
Answer:",False
"
def is_happy(s):
    """"""You are given a string s.
    Your task is to check if the string is happy or not.
    A string is happy if its length is at least 3 and every 3 consecutive letters are distinct
    For example:
    is_happy(a) => False
    is_happy(aa) => False
    is_happy(abcd) => True
    is_happy(aabb) => False
    is_happy(adb) => True
    is_happy(xyy) => False
    """"""
",True
"

def median(l: list):
    """"""Return median of elements in the list l.
    >>> median([3, 1, 2, 4, 5])
    3
    >>> median([-10, 4, 6, 1000, 10, 20])
    15.0
    """"""
",True
"
def compare(game,guess):
    """"""I think we all remember that feeling when the result of some long-awaited
    event is finally known. The feelings and thoughts you have at that moment are
    definitely worth noting down and comparing.
    Your task is to determine if a person correctly guessed the results of a number of matches.
    You are given two arrays of scores and guesses of equal length, where each index shows a match. 
    Return an array of the same length denoting how far off each guess was. If they have guessed correctly,
    the value is 0, and if not, the value is the absolute difference between the guess and the score.
    
    
    example:

    compare([1,2,3,4,5,1],[1,2,3,4,2,-2]) -> [0,0,0,0,3,3]
    compare([0,5,0,0,0,4],[4,1,1,0,0,-2]) -> [4,4,1,0,0,6]
    """"""
",True
"The following are multiple choice questions (with answers) about miscellaneous.

Who is the creator of the comic strip 'The Far Side'?
A. Jim Davis
B. Gary Larson
C. Garry Trudeau
D. Charles Schulz
Answer:",False
"The following are multiple choice questions (with answers) about miscellaneous.

Which of these rock guitarists designed a colorful line of men's neckties?
A. Eric Clapton
B. Jerry Garcia
C. Jeff Beck
D. Keith Richards
Answer:",False
"

def largest_divisor(n: int) -> int:
    """""" For a given number n, find the largest number that divides n evenly, smaller than n
    >>> largest_divisor(15)
    5
    """"""
",True
"The following are multiple choice questions (with answers) about miscellaneous.

Which of the following is a true statement about the flow of energy in an ecosystem?
A. Smaller organisms need less energy per gram of body weight than do larger organisms.
B. Energy transfer between organisms normally involves conservation of heat energy.
C. Energy flow between trophic levels is inefficient.
D. Chemical energy is converted into radiant energy, which is then converted into chemical energy at the next trophic level.
Answer:",False
"
def digits(n):
    """"""Given a positive integer n, return the product of the odd digits.
    Return 0 if all digits are even.
    For example:
    digits(1)  == 1
    digits(4)  == 0
    digits(235) == 15
    """"""
",True
"The following are multiple choice questions (with answers) about miscellaneous.

Which of the following articles of clothing has a hood?
A. Parka
B. kilt
C. lederhosen
D. sarong
Answer:",False
"The following are multiple choice questions (with answers) about miscellaneous.

Which of the following statements is correct about a trophic structure in which a leaf-eating grasshopper is eaten by a frog, which in turn is eaten by a snake?
A. The frog is a herbivore.
B. The snake is a secondary consumer.
C. The grasshopper is a primary consumer.
D. The snakes outnumber the grasshoppers in the community.
Answer:",False
"The following are multiple choice questions (with answers) about miscellaneous.

In what sport do you find 'steel cage' matches?
A. boxing
B. fencing
C. pro wrestling
D. college basketball
Answer:",False
"

def correct_bracketing(brackets: str):
    """""" brackets is a string of ""("" and "")"".
    return True if every opening bracket has a corresponding closing bracket.

    >>> correct_bracketing(""("")
    False
    >>> correct_bracketing(""()"")
    True
    >>> correct_bracketing(""(()())"")
    True
    >>> correct_bracketing("")(()"")
    False
    """"""
",True
"
def minSubArraySum(nums):
    """"""
    Given an array of integers nums, find the minimum sum of any non-empty sub-array
    of nums.
    Example
    minSubArraySum([2, 3, 4, 1, 2, 4]) == 1
    minSubArraySum([-1, -2, -3]) == -6
    """"""
",True
"


def sum_squares(lst):
    """"""""
    This function will take a list of integers. For all entries in the list, the function shall square the integer entry if its index is a 
    multiple of 3 and will cube the integer entry if its index is a multiple of 4 and not a multiple of 3. The function will not 
    change the entries in the list whose indexes are not a multiple of 3 or 4. The function shall then return the sum of all entries. 
    
    Examples:
    For lst = [1,2,3] the output should be 6
    For lst = []  the output should be 0
    For lst = [-1,-5,2,-1,-5]  the output should be -126
    """"""
",True
"The following are multiple choice questions (with answers) about miscellaneous.

Who was the first First Lady to run for political office?
A. Hillary Clinton
B. Rosalynn Carter
C. Bess Truman
D. Eleanor Roosevelt
Answer:",False
"The following are multiple choice questions (with answers) about miscellaneous.

What was the name of the first nuclear-powered submarine?
A. Nautilus
B. Neptune
C. Nordenfelt III
D. Nicholas
Answer:",False
"The following are multiple choice questions (with answers) about miscellaneous.

What does a pH level measure?
A. acidity
B. density
C. wavelength
D. humidity
Answer:",False
"The following are multiple choice questions (with answers) about miscellaneous.

Which of the following is not in Nevada?
A. Liberace Museum
B. Pikes Peak
C. Lake Mead
D. Hoover Dam
Answer:",False
"
def add_elements(arr, k):
    """"""
    Given a non-empty array of integers arr and an integer k, return
    the sum of the elements with at most two digits from the first k elements of arr.

    Example:

        Input: arr = [111,21,3,4000,5,6,7,8,9], k = 4
        Output: 24 # sum of 21 + 3

    Constraints:
        1. 1 <= len(arr) <= 100
        2. 1 <= k <= len(arr)
    """"""
",True
"The following are multiple choice questions (with answers) about miscellaneous.

Who was the first American in space?
A. John Glenn
B. Buzz Aldrin
C. Alan Shepard
D. Neil Armstrong
Answer:",False
"The following are multiple choice questions (with answers) about miscellaneous.

In what restaurant can you order a Grand Slam breakfast?
A. Denny's
B. McDonald's
C. Burger King
D. Hardee's
Answer:",False
"The following are multiple choice questions (with answers) about miscellaneous.

In the Arthurian legend who is married to Guinevere?
A. Merlin
B. King Arthur
C. Lancelot
D. Camelot
Answer:",False
"The following are multiple choice questions (with answers) about miscellaneous.

What is the name of the Swedish company that specializes in affordable furniture?
A. Gambro
B. Electrolux
C. Saab
D. IKEA
Answer:",False
"
def next_smallest(lst):
    """"""
    You are given a list of integers.
    Write a function next_smallest() that returns the 2nd smallest element of the list.
    Return None if there is no such element.
    
    next_smallest([1, 2, 3, 4, 5]) == 2
    next_smallest([5, 1, 4, 3, 2]) == 2
    next_smallest([]) == None
    next_smallest([1, 1]) == None
    """"""
",True
"The following are multiple choice questions (with answers) about miscellaneous.

What country is famous for making wooden shoes?
A. Russia
B. Thailand
C. The Netherlands
D. Australia
Answer:",False
"
def solve(N):
    """"""Given a positive integer N, return the total sum of its digits in binary.
    
    Example
        For N = 1000, the sum of digits will be 1 the output should be ""1"".
        For N = 150, the sum of digits will be 6 the output should be ""110"".
        For N = 147, the sum of digits will be 12 the output should be ""1100"".
    
    Variables:
        @N integer
             Constraints: 0 ≤ N ≤ 10000.
    Output:
         a string of binary number
    """"""
",True
"The following are multiple choice questions (with answers) about miscellaneous.

What biological process replicates DNA?
A. molting
B. mitosis
C. diffusion
D. peristalsis
Answer:",False
"The following are multiple choice questions (with answers) about miscellaneous.

Who is the patron saint of animals?
A. St Isidore of Seville
B. St Anthony of Padua
C. St Francis of Assisi
D. St Joan of Arc
Answer:",False
"
def is_equal_to_sum_even(n):
    """"""Evaluate whether the given number n can be written as the sum of exactly 4 positive even numbers
    Example
    is_equal_to_sum_even(4) == False
    is_equal_to_sum_even(6) == False
    is_equal_to_sum_even(8) == True
    """"""
",True
"
def Strongest_Extension(class_name, extensions):
    """"""You will be given the name of a class (a string) and a list of extensions.
    The extensions are to be used to load additional classes to the class. The
    strength of the extension is as follows: Let CAP be the number of the uppercase
    letters in the extension's name, and let SM be the number of lowercase letters 
    in the extension's name, the strength is given by the fraction CAP - SM. 
    You should find the strongest extension and return a string in this 
    format: ClassName.StrongestExtensionName.
    If there are two or more extensions with the same strength, you should
    choose the one that comes first in the list.
    For example, if you are given ""Slices"" as the class and a list of the
    extensions: ['SErviNGSliCes', 'Cheese', 'StuFfed'] then you should
    return 'Slices.SErviNGSliCes' since 'SErviNGSliCes' is the strongest extension 
    (its strength is -1).
    Example:
    for Strongest_Extension('my_class', ['AA', 'Be', 'CC']) == 'my_class.AA'
    """"""
",True
"
def get_odd_collatz(n):
    """"""
    Given a positive integer n, return a sorted list that has the odd numbers in collatz sequence.

    The Collatz conjecture is a conjecture in mathematics that concerns a sequence defined
    as follows: start with any positive integer n. Then each term is obtained from the 
    previous term as follows: if the previous term is even, the next term is one half of 
    the previous term. If the previous term is odd, the next term is 3 times the previous
    term plus 1. The conjecture is that no matter what value of n, the sequence will always reach 1.

    Note: 
        1. Collatz(1) is [1].
        2. returned list sorted in increasing order.

    For example:
    get_odd_collatz(5) returns [1, 5] # The collatz sequence for 5 is [5, 16, 8, 4, 2, 1], so the odd numbers are only 1, and 5.
    """"""
",True
"The following are multiple choice questions (with answers) about miscellaneous.

How many periods are there in an ice hockey game?
A. One
B. Two
C. Three
D. Four
Answer:",False
"The following are multiple choice questions (with answers) about miscellaneous.

Which of the following geometric shapes is most commonly used to give strength to the structure of truss bridges?
A. Circle
B. Triangle
C. Hexagon
D. Rectangle
Answer:",False
"
def digitSum(s):
    """"""Task
    Write a function that takes a string as input and returns the sum of the upper characters only'
    ASCII codes.

    Examples:
        digitSum("""") => 0
        digitSum(""abAB"") => 131
        digitSum(""abcCd"") => 67
        digitSum(""helloE"") => 69
        digitSum(""woArBld"") => 131
        digitSum(""aAaaaXa"") => 153
    """"""
",True
"
def cycpattern_check(a , b):
    """"""You are given 2 words. You need to return True if the second word or any of its rotations is a substring in the first word
    cycpattern_check(""abcd"",""abd"") => False
    cycpattern_check(""hello"",""ell"") => True
    cycpattern_check(""whassup"",""psus"") => False
    cycpattern_check(""abab"",""baa"") => True
    cycpattern_check(""efef"",""eeff"") => False
    cycpattern_check(""himenss"",""simen"") => True

    """"""
",True
"

def change_base(x: int, base: int):
    """"""Change numerical base of input number x to base.
    return string representation after the conversion.
    base numbers are less than 10.
    >>> change_base(8, 3)
    '22'
    >>> change_base(8, 2)
    '1000'
    >>> change_base(7, 2)
    '111'
    """"""
",True
"The following are multiple choice questions (with answers) about miscellaneous.

Some observers argue that a limitation of the official unemployment rate is that it understates the true unemployment level because it fails to include which of the following?
A. New entrants to the labor market
B. People who are laid off and are looking for new jobs
C. Discouraged people who have given up looking for jobs
D. Full-time students looking for part-time jobs
Answer:",False
"

def count_distinct_characters(string: str) -> int:
    """""" Given a string, find out how many distinct characters (regardless of case) does it consist of
    >>> count_distinct_characters('xyzXYZ')
    3
    >>> count_distinct_characters('Jerry')
    4
    """"""
",True
"

def triangle_area(a, h):
    """"""Given length of a side and high return area for a triangle.
    >>> triangle_area(5, 3)
    7.5
    """"""
",True
"The following are multiple choice questions (with answers) about miscellaneous.

What is a shaddock?
A. a fish the offspring of a male shad and a female haddock
B. a crystal such as quartz, that sticks out from a mineral vein
C. a plant that is a member of the nightshade family
D. a grapefruit
Answer:",False
"
def rounded_avg(n, m):
    """"""You are given two positive integers n and m, and your task is to compute the
    average of the integers from n through m (including n and m). 
    Round the answer to the nearest integer and convert that to binary.
    If n is greater than m, return -1.
    Example:
    rounded_avg(1, 5) => ""0b11""
    rounded_avg(7, 5) => -1
    rounded_avg(10, 20) => ""0b1111""
    rounded_avg(20, 33) => ""0b11010""
    """"""
",True
"The following are multiple choice questions (with answers) about miscellaneous.

Simple accompaniments, light texture and smooth melodies are qualities of
A. galant style
B. partitas
C. Sturm und Drang
D. serenade
Answer:",False
"from typing import List


def filter_by_substring(strings: List[str], substring: str) -> List[str]:
    """""" Filter an input list of strings only for ones that contain given substring
    >>> filter_by_substring([], 'a')
    []
    >>> filter_by_substring(['abc', 'bacd', 'cde', 'array'], 'a')
    ['abc', 'bacd', 'array']
    """"""
",True
"The following are multiple choice questions (with answers) about miscellaneous.

What professional sports team plays its home games in the Alamodome?
A. New York Jets
B. Detroit Tigers
C. Boston Bruins
D. San Antonio Spurs
Answer:",False
"The following are multiple choice questions (with answers) about miscellaneous.

Which of the following activities will best help a teacher collect data that will inform instruction to meet the individual needs of students?
A. Concentric circles
B. K-W-L chart
C. Book pass
D. Reciprocal teaching
Answer:",False
"

def strlen(string: str) -> int:
    """""" Return length of given string
    >>> strlen('')
    0
    >>> strlen('abc')
    3
    """"""
",True
"
def any_int(x, y, z):
    '''
    Create a function that takes 3 numbers.
    Returns true if one of the numbers is equal to the sum of the other two, and all numbers are integers.
    Returns false in any other cases.
    
    Examples
    any_int(5, 2, 7) ➞ True
    
    any_int(3, 2, 2) ➞ False

    any_int(3, -2, 1) ➞ True
    
    any_int(3.6, -2.2, 2) ➞ False
  

    
    '''
",True
"The following are multiple choice questions (with answers) about miscellaneous.

Where did Lewis and Clark begin their famous expedition in 1804?
A. Seattle
B. St Louis
C. New Orleans
D. Washington DC
Answer:",False
"The following are multiple choice questions (with answers) about miscellaneous.

Which of the following poses the greatest safety risk while being heated in a school laboratory?
A. A mixture of iron and sulfur
B. Mercury(II) oxide
C. Sodium chloride
D. Copper(II) sulfate hydrate
Answer:",False
"The following are multiple choice questions (with answers) about miscellaneous.

Phoebe Dione and Helene are moons of what planet?
A. Jupiter
B. Saturn
C. Neptune
D. Pluto
Answer:",False
"
def simplify(x, n):
    """"""Your task is to implement a function that will simplify the expression
    x * n. The function returns True if x * n evaluates to a whole number and False
    otherwise. Both x and n, are string representation of a fraction, and have the following format,
    <numerator>/<denominator> where both numerator and denominator are positive whole numbers.

    You can assume that x, and n are valid fractions, and do not have zero as denominator.

    simplify(""1/5"", ""5/1"") = True
    simplify(""1/6"", ""2/1"") = False
    simplify(""7/10"", ""10/2"") = False
    """"""
",True
"

def unique(l: list):
    """"""Return sorted unique elements in a list
    >>> unique([5, 3, 5, 2, 3, 3, 9, 0, 123])
    [0, 2, 3, 5, 9, 123]
    """"""
",True
"

def string_sequence(n: int) -> str:
    """""" Return a string containing space-delimited numbers starting from 0 upto n inclusive.
    >>> string_sequence(0)
    '0'
    >>> string_sequence(5)
    '0 1 2 3 4 5'
    """"""
",True
"
def get_row(lst, x):
    """"""
    You are given a 2 dimensional data, as a nested lists,
    which is similar to matrix, however, unlike matrices,
    each row may contain a different number of columns.
    Given lst, and integer x, find integers x in the list,
    and return list of tuples, [(x1, y1), (x2, y2) ...] such that
    each tuple is a coordinate - (row, columns), starting with 0.
    Sort coordinates initially by rows in ascending order.
    Also, sort coordinates of the row by columns in descending order.
    
    Examples:
    get_row([
      [1,2,3,4,5,6],
      [1,2,3,4,1,6],
      [1,2,3,4,5,1]
    ], 1) == [(0, 0), (1, 4), (1, 0), (2, 5), (2, 0)]
    get_row([], 1) == []
    get_row([[], [1], [1, 2, 3]], 3) == [(2, 2)]
    """"""
",True
"from typing import List


def parse_nested_parens(paren_string: str) -> List[int]:
    """""" Input to this function is a string represented multiple groups for nested parentheses separated by spaces.
    For each of the group, output the deepest level of nesting of parentheses.
    E.g. (()()) has maximum two levels of nesting while ((())) has three.

    >>> parse_nested_parens('(()()) ((())) () ((())()())')
    [2, 3, 1, 3]
    """"""
",True
"
def prod_signs(arr):
    """"""
    You are given an array arr of integers and you need to return
    sum of magnitudes of integers multiplied by product of all signs
    of each number in the array, represented by 1, -1 or 0.
    Note: return None for empty arr.

    Example:
    >>> prod_signs([1, 2, 2, -4]) == -9
    >>> prod_signs([0, 1]) == 0
    >>> prod_signs([]) == None
    """"""
",True
"The following are multiple choice questions (with answers) about miscellaneous.

What is the name of the StarKist tuna mascot?
A. Charlie
B. Sam
C. Al
D. Morris
Answer:",False
"The following are multiple choice questions (with answers) about miscellaneous.

Which of the following is about the Watergate scandal?
A. All the King's Men'
B. All the Pretty Horses'
C. All the President's Men'
D. All the Right Moves'
Answer:",False
"
def count_up_to(n):
    """"""Implement a function that takes an non-negative integer and returns an array of the first n
    integers that are prime numbers and less than n.
    for example:
    count_up_to(5) => [2,3]
    count_up_to(11) => [2,3,5,7]
    count_up_to(0) => []
    count_up_to(20) => [2,3,5,7,11,13,17,19]
    count_up_to(1) => []
    count_up_to(18) => [2,3,5,7,11,13,17]
    """"""
",True
"
def specialFilter(nums):
    """"""Write a function that takes an array of numbers as input and returns 
    the number of elements in the array that are greater than 10 and both 
    first and last digits of a number are odd (1, 3, 5, 7, 9).
    For example:
    specialFilter([15, -73, 14, -15]) => 1 
    specialFilter([33, -2, -3, 45, 21, 109]) => 2
    """"""
",True
"

def pairs_sum_to_zero(l):
    """"""
    pairs_sum_to_zero takes a list of integers as an input.
    it returns True if there are two distinct elements in the list that
    sum to zero, and False otherwise.
    >>> pairs_sum_to_zero([1, 3, 5, 0])
    False
    >>> pairs_sum_to_zero([1, 3, -2, 1])
    False
    >>> pairs_sum_to_zero([1, 2, 3, 7])
    False
    >>> pairs_sum_to_zero([2, 4, -5, 3, 5, 7])
    True
    >>> pairs_sum_to_zero([1])
    False
    """"""
",True
"from typing import List


def sort_numbers(numbers: str) -> str:
    """""" Input is a space-delimited string of numberals from 'zero' to 'nine'.
    Valid choices are 'zero', 'one', 'two', 'three', 'four', 'five', 'six', 'seven', 'eight' and 'nine'.
    Return the string with numbers sorted from smallest to largest
    >>> sort_numbers('three one five')
    'one three five'
    """"""
",True
"

def sort_even(l: list):
    """"""This function takes a list l and returns a list l' such that
    l' is identical to l in the odd indicies, while its values at the even indicies are equal
    to the values of the even indicies of l, but sorted.
    >>> sort_even([1, 2, 3])
    [1, 2, 3]
    >>> sort_even([5, 6, 3, 4])
    [3, 6, 5, 4]
    """"""
",True
"The following are multiple choice questions (with answers) about miscellaneous.

Which of these words is a synonym for 'perambulate'?
A. kiss
B. shout
C. stroll
D. heal
Answer:",False
"
FIX = """"""
Add more test cases.
""""""

def vowels_count(s):
    """"""Write a function vowels_count which takes a string representing
    a word as input and returns the number of vowels in the string.
    Vowels in this case are 'a', 'e', 'i', 'o', 'u'. Here, 'y' is also a
    vowel, but only when it is at the end of the given word.

    Example:
    >>> vowels_count(""abcde"")
    2
    >>> vowels_count(""ACEDY"")
    3
    """"""
",True
"The following are multiple choice questions (with answers) about miscellaneous.

The first sound recording to be made and reproduced was a recitation of what nursery rhyme?
A. Humpty Dumpty'
B. Mary Had a Little Lamb'
C. Jack Be Nimble'
D. Home Sweet Home'
Answer:",False
"
def by_length(arr):
    """"""
    Given an array of integers, sort the integers that are between 1 and 9 inclusive,
    reverse the resulting array, and then replace each digit by its corresponding name from
    ""One"", ""Two"", ""Three"", ""Four"", ""Five"", ""Six"", ""Seven"", ""Eight"", ""Nine"".

    For example:
      arr = [2, 1, 1, 4, 5, 8, 2, 3]   
            -> sort arr -> [1, 1, 2, 2, 3, 4, 5, 8] 
            -> reverse arr -> [8, 5, 4, 3, 2, 2, 1, 1]
      return [""Eight"", ""Five"", ""Four"", ""Three"", ""Two"", ""Two"", ""One"", ""One""]
    
      If the array is empty, return an empty array:
      arr = []
      return []
    
      If the array has any strange number ignore it:
      arr = [1, -1 , 55] 
            -> sort arr -> [-1, 1, 55]
            -> reverse arr -> [55, 1, -1]
      return = ['One']
    """"""
",True
"The following are multiple choice questions (with answers) about miscellaneous.

In what decade did Israel become an independent state?
A. 1920s
B. 1940s
C. 1950s
D. 1960s
Answer:",False
"The following are multiple choice questions (with answers) about miscellaneous.

A geographer beginning a study of the cultural landscape within a specific region would most likely benefit from which of the following activities?
A. Describing and mapping the building types on a plat map
B. Determining how many cars travel along the highway system
C. Establishing the percentage of adults with a college education
D. Graphing and analyzing economic data for the past century
Answer:",False
"
def exchange(lst1, lst2):
    """"""In this problem, you will implement a function that takes two lists of numbers,
    and determines whether it is possible to perform an exchange of elements
    between them to make lst1 a list of only even numbers.
    There is no limit on the number of exchanged elements between lst1 and lst2.
    If it is possible to exchange elements between the lst1 and lst2 to make
    all the elements of lst1 to be even, return ""YES"".
    Otherwise, return ""NO"".
    For example:
    exchange([1, 2, 3, 4], [1, 2, 3, 4]) => ""YES""
    exchange([1, 2, 3, 4], [1, 5, 3, 4]) => ""NO""
    It is assumed that the input lists will be non-empty.
    """"""
",True
"
def even_odd_palindrome(n):
    """"""
    Given a positive integer n, return a tuple that has the number of even and odd
    integer palindromes that fall within the range(1, n), inclusive.

    Example 1:

        Input: 3
        Output: (1, 2)
        Explanation:
        Integer palindrome are 1, 2, 3. one of them is even, and two of them are odd.

    Example 2:

        Input: 12
        Output: (4, 6)
        Explanation:
        Integer palindrome are 1, 2, 3, 4, 5, 6, 7, 8, 9, 11. four of them are even, and 6 of them are odd.

    Note:
        1. 1 <= n <= 10^3
        2. returned tuple has the number of even and odd integer palindromes respectively.
    """"""
",True
"

def same_chars(s0: str, s1: str):
    """"""
    Check if two words have the same characters.
    >>> same_chars('eabcdzzzz', 'dddzzzzzzzddeddabc')
    True
    >>> same_chars('abcd', 'dddddddabc')
    True
    >>> same_chars('dddddddabc', 'abcd')
    True
    >>> same_chars('eabcd', 'dddddddabc')
    False
    >>> same_chars('abcd', 'dddddddabce')
    False
    >>> same_chars('eabcdzzzz', 'dddzzzzzzzddddabc')
    False
    """"""
",True
"The following are multiple choice questions (with answers) about miscellaneous.

Who is the career hit leader among players never elected to Baseball's Hall of Fame?
A. Steve Garvey
B. Jim Rice
C. Pete Rose
D. Ken Griffey Jr
Answer:",False
"
def compare_one(a, b):
    """"""
    Create a function that takes integers, floats, or strings representing
    real numbers, and returns the larger variable in its given variable type.
    Return None if the values are equal.
    Note: If a real number is represented as a string, the floating point might be . or ,

    compare_one(1, 2.5) ➞ 2.5
    compare_one(1, ""2,3"") ➞ ""2,3""
    compare_one(""5,1"", ""6"") ➞ ""6""
    compare_one(""1"", 1) ➞ None
    """"""
",True
"The following are multiple choice questions (with answers) about miscellaneous.

Which of the following is true of a profitmaximizing firm in the short run?
A. The firm will shut down to minimize losses if product price falls below average total cost.
B. The firm will shut down if marginal revenue equals marginal cost but exceeds average variable cost.
C. The firm will continue to produce as long as total revenue exceeds total variable cost, even if it incurs loss.
D. The firm will continue to produce as long as average variable cost is less than average fixed cost.
Answer:",False
"The following are multiple choice questions (with answers) about miscellaneous.

Which of these games is not played with cards?
A. baccarat
B. rummy
C. craps
D. solitaire
Answer:",False
"The following are multiple choice questions (with answers) about miscellaneous.

In what forest did Robin Hood live?
A. Black Forest
B. Petrified Forest
C. Nottingham Forest
D. Sherwood Forest
Answer:",False
"from typing import List


def parse_music(music_string: str) -> List[int]:
    """""" Input to this function is a string representing musical notes in a special ASCII format.
    Your task is to parse this string and return list of integers corresponding to how many beats does each
    not last.

    Here is a legend:
    'o' - whole note, lasts four beats
    'o|' - half note, lasts two beats
    '.|' - quater note, lasts one beat

    >>> parse_music('o o| .| o| o| .| .| .| .| o o')
    [4, 2, 1, 2, 2, 1, 1, 1, 1, 4, 4]
    """"""
",True
"The following are multiple choice questions (with answers) about miscellaneous.

A passage Jane Eyre is as follows. This was all the account I got from Mrs. Fairfax of her employer and mine. There are people who seem to have no notion of sketching a character, or observing and describing salient points, either in persons or things: the good lady evidently belonged to this class; my queries puzzled, but did not draw her out. Mr. Rochester was Mr. Rochester in her eyes, a gentleman, a landed proprietor‚Äìnothing more: she inquired and searched no further, and evidently wondered at my wish to gain a more definite notion of his identity. Mrs. Fairfax differs from the speaker in that Mrs. Fairfax
A. has more interest in the complexities of people's personalities
B. judges people by their social station in life
C. is more willing to take people at face value
D. has a more positive opinion of Mr. Rochester
Answer:",False
"The following are multiple choice questions (with answers) about miscellaneous.

Which of the following groups was converted to Christianity in the tenth century AD by missionaries from the Byzantine Empire?
A. Franks
B. Visigoths
C. Russians
D. Anglo-Saxons
Answer:",False
"
def count_nums(arr):
    """"""
    Write a function count_nums which takes an array of integers and returns
    the number of elements which has a sum of digits > 0.
    If a number is negative, then its first signed digit will be negative:
    e.g. -123 has signed digits -1, 2, and 3.
    >>> count_nums([]) == 0
    >>> count_nums([-1, 11, -11]) == 1
    >>> count_nums([1, 1, 2]) == 3
    """"""
",True
"The following are multiple choice questions (with answers) about miscellaneous.

A student is conducting a research project and has learned of a website that may have useful information. The domain extension for the site is .org. Which of the following assumptions about the website is correct?
A. All of the information on the site is current.
B. The site has been evaluated for bias.
C. The site might belong to a nonprofit agency.
D. The author of the site is well respected in his or her field.
Answer:",False
"
def special_factorial(n):
    """"""The Brazilian factorial is defined as:
    brazilian_factorial(n) = n! * (n-1)! * (n-2)! * ... * 1!
    where n > 0

    For example:
    >>> special_factorial(4)
    288

    The function will receive an integer as input and should return the special
    factorial of this integer.
    """"""
",True
"The following are multiple choice questions (with answers) about miscellaneous.

Which of these is typically not ""used as a spice?
A. Dill
B. Thyme
C. Hemlock
D. Marjoram
Answer:",False
"
def split_words(txt):
    '''
    Given a string of words, return a list of words split on whitespace, if no whitespaces exists in the text you
    should split on commas ',' if no commas exists you should return the number of lower-case letters with odd order in the
    alphabet, ord('a') = 0, ord('b') = 1, ... ord('z') = 25
    Examples
    split_words(""Hello world!"") ➞ [""Hello"", ""world!""]
    split_words(""Hello,world!"") ➞ [""Hello"", ""world!""]
    split_words(""abcdef"") == 3 
    '''
",True
"The following are multiple choice questions (with answers) about miscellaneous.

What kind of flying contraption is featured in the movie 'Chitty Chitty Bang Bang'?
A. boat
B. car
C. truck
D. bike
Answer:",False
"

def sum_squares(lst):
    """"""You are given a list of numbers.
    You need to return the sum of squared numbers in the given list,
    round each element in the list to the upper int(Ceiling) first.
    Examples:
    For lst = [1,2,3] the output should be 14
    For lst = [1,4,9] the output should be 98
    For lst = [1,3,5,7] the output should be 84
    For lst = [1.4,4.2,0] the output should be 29
    For lst = [-2.4,1,1] the output should be 6
    

    """"""
",True
"
def circular_shift(x, shift):
    """"""Circular shift the digits of the integer x, shift the digits right by shift
    and return the result as a string.
    If shift > number of digits, return digits reversed.
    >>> circular_shift(12, 1)
    ""21""
    >>> circular_shift(12, 2)
    ""12""
    """"""
",True
"The following are multiple choice questions (with answers) about miscellaneous.

What was the birth name of civil rights leader Malcolm?
A. Michael Brown
B. Malcolm Little
C. Malcolm Lincoln
D. Michael Lloyd
Answer:",False
"

def encode_cyclic(s: str):
    """"""
    returns encoded string by cycling groups of three characters.
    """"""
    # split string to groups. Each of length 3.
    groups = [s[(3 * i):min((3 * i + 3), len(s))] for i in range((len(s) + 2) // 3)]
    # cycle elements in each group. Unless group has fewer elements than 3.
    groups = [(group[1:] + group[0]) if len(group) == 3 else group for group in groups]
    return """".join(groups)


def decode_cyclic(s: str):
    """"""
    takes as input string encoded with encode_cyclic function. Returns decoded string.
    """"""
",True
"
def words_in_sentence(sentence):
    """"""
    You are given a string representing a sentence,
    the sentence contains some words separated by a space,
    and you have to return a string that contains the words from the original sentence,
    whose lengths are prime numbers,
    the order of the words in the new string should be the same as the original one.

    Example 1:
        Input: sentence = ""This is a test""
        Output: ""is""

    Example 2:
        Input: sentence = ""lets go for swimming""
        Output: ""go for""

    Constraints:
        * 1 <= len(sentence) <= 100
        * sentence contains only letters
    """"""
",True
"
def starts_one_ends(n):
    """"""
    Given a positive integer n, return the count of the numbers of n-digit
    positive integers that start or end with 1.
    """"""
",True
"
def move_one_ball(arr):
    """"""We have an array 'arr' of N integers arr[1], arr[2], ..., arr[N].The
    numbers in the array will be randomly ordered. Your task is to determine if
    it is possible to get an array sorted in non-decreasing order by performing 
    the following operation on the given array:
        You are allowed to perform right shift operation any number of times.
    
    One right shift operation means shifting all elements of the array by one
    position in the right direction. The last element of the array will be moved to
    the starting position in the array i.e. 0th index. 

    If it is possible to obtain the sorted array by performing the above operation
    then return True else return False.
    If the given array is empty then return True.

    Note: The given list is guaranteed to have unique elements.

    For Example:
    
    move_one_ball([3, 4, 5, 1, 2])==>True
    Explanation: By performin 2 right shift operations, non-decreasing order can
                 be achieved for the given array.
    move_one_ball([3, 5, 4, 1, 2])==>False
    Explanation:It is not possible to get non-decreasing order for the given
                array by performing any number of right shift operations.
                
    """"""
",True
"The following are multiple choice questions (with answers) about miscellaneous.

What fictional character claims to be 'smarter than the average bear'?
A. Paddington Bear
B. Fozzie Bear
C. Smokey Bear
D. Yogi Bear
Answer:",False
"

def fib(n: int):
    """"""Return n-th Fibonacci number.
    >>> fib(10)
    55
    >>> fib(1)
    1
    >>> fib(8)
    21
    """"""
",True
"
def smallest_change(arr):
    """"""
    Given an array arr of integers, find the minimum number of elements that
    need to be changed to make the array palindromic. A palindromic array is an array that
    is read the same backwards and forwards. In one change, you can change one element to any other element.

    For example:
    smallest_change([1,2,3,5,4,7,9,6]) == 4
    smallest_change([1, 2, 3, 4, 3, 2, 2]) == 1
    smallest_change([1, 2, 3, 2, 1]) == 0
    """"""
",True
"The following are multiple choice questions (with answers) about miscellaneous.

The atmospheric concentration of which of the following gases is most likely to be directly affected by widespread deforestation?
A. Carbon dioxide
B. Ozone
C. Nitrous oxide
D. Argon
Answer:",False
"
def numerical_letter_grade(grades):
    """"""It is the last week of the semester and the teacher has to give the grades
    to students. The teacher has been making her own algorithm for grading.
    The only problem is, she has lost the code she used for grading.
    She has given you a list of GPAs for some students and you have to write 
    a function that can output a list of letter grades using the following table:
             GPA       |    Letter grade
              4.0                A+
            > 3.7                A 
            > 3.3                A- 
            > 3.0                B+
            > 2.7                B 
            > 2.3                B-
            > 2.0                C+
            > 1.7                C
            > 1.3                C-
            > 1.0                D+ 
            > 0.7                D 
            > 0.0                D-
              0.0                E
    

    Example:
    grade_equation([4.0, 3, 1.7, 2, 3.5]) ==> ['A+', 'B', 'C-', 'C', 'A-']
    """"""
",True
"The following are multiple choice questions (with answers) about miscellaneous.

What's the popular name of the breakfast meal consisting of sausages wrapped in pancakes?
A. ducks in a pond
B. pigs in a blanket
C. cows in a pasture
D. dogs in the oven
Answer:",False
"

def monotonic(l: list):
    """"""Return True is list elements are monotonically increasing or decreasing.
    >>> monotonic([1, 2, 4, 20])
    True
    >>> monotonic([1, 20, 4, 10])
    False
    >>> monotonic([4, 1, 0, -10])
    True
    """"""
",True
"from typing import List


def intersperse(numbers: List[int], delimeter: int) -> List[int]:
    """""" Insert a number 'delimeter' between every two consecutive elements of input list `numbers'
    >>> intersperse([], 4)
    []
    >>> intersperse([1, 2, 3], 4)
    [1, 4, 2, 4, 3]
    """"""
",True
"The following are multiple choice questions (with answers) about miscellaneous.

What causes the disease toxoplasmosis?
A. a bacterium
B. a protozoan
C. a virus
D. a prion
Answer:",False
"

def triples_sum_to_zero(l: list):
    """"""
    triples_sum_to_zero takes a list of integers as an input.
    it returns True if there are three distinct elements in the list that
    sum to zero, and False otherwise.

    >>> triples_sum_to_zero([1, 3, 5, 0])
    False
    >>> triples_sum_to_zero([1, 3, -2, 1])
    True
    >>> triples_sum_to_zero([1, 2, 3, 7])
    False
    >>> triples_sum_to_zero([2, 4, -5, 3, 9, 7])
    True
    >>> triples_sum_to_zero([1])
    False
    """"""
",True
"The following are multiple choice questions (with answers) about miscellaneous.

Who was not one of the Cartwright sons on the TV series 'Bonanza'?
A. Adam
B. Little Joe
C. Hoss
D. Ben
Answer:",False
"
def f(n):
    """""" Implement the function f that takes n as a parameter,
    and returns a list of size n, such that the value of the element at index i is the factorial of i if i is even
    or the sum of numbers from 1 to i otherwise.
    i starts from 1.
    the factorial of i is the multiplication of the numbers from 1 to i (1 * 2 * ... * i).
    Example:
    f(5) == [1, 2, 6, 24, 15]
    """"""
",True
"The following are multiple choice questions (with answers) about miscellaneous.

What was the name of Huey Lewis band?
A. The News
B. The Attractions
C. The Silver Bullet Band
D. Louie and Dewey
Answer:",False
"The following are multiple choice questions (with answers) about miscellaneous.

What does it mean to work 'probono'?
A. work overtime
B. work without pay
C. work as your own boss
D. not work at all
Answer:",False
"
def select_words(s, n):
    """"""Given a string s and a natural number n, you have been tasked to implement 
    a function that returns a list of all words from string s that contain exactly 
    n consonants, in order these words appear in the string s.
    If the string s is empty then the function should return an empty list.
    Note: you may assume the input string contains only letters and spaces.
    Examples:
    select_words(""Mary had a little lamb"", 4) ==> [""little""]
    select_words(""Mary had a little lamb"", 3) ==> [""Mary"", ""lamb""]
    select_words(""simple white space"", 2) ==> []
    select_words(""Hello world"", 4) ==> [""world""]
    select_words(""Uncle sam"", 3) ==> [""Uncle""]
    """"""
",True
"from typing import List


def separate_paren_groups(paren_string: str) -> List[str]:
    """""" Input to this function is a string containing multiple groups of nested parentheses. Your goal is to
    separate those group into separate strings and return the list of those.
    Separate groups are balanced (each open brace is properly closed) and not nested within each other
    Ignore any spaces in the input string.
    >>> separate_paren_groups('( ) (( )) (( )( ))')
    ['()', '(())', '(()())']
    """"""
",True
"

def sum_to_n(n: int):
    """"""sum_to_n is a function that sums numbers from 1 to n.
    >>> sum_to_n(30)
    465
    >>> sum_to_n(100)
    5050
    >>> sum_to_n(5)
    15
    >>> sum_to_n(10)
    55
    >>> sum_to_n(1)
    1
    """"""
",True
"
def multiply(a, b):
    """"""Complete the function that takes two integers and returns 
    the product of their unit digits.
    Assume the input is always valid.
    Examples:
    multiply(148, 412) should return 16.
    multiply(19, 28) should return 72.
    multiply(2020, 1851) should return 0.
    multiply(14,-15) should return 20.
    """"""
",True
"The following are multiple choice questions (with answers) about miscellaneous.

In 1960 Nazi official Adolph Eichmann was finally captured in what country?
A. Brazil
B. East Germany
C. Argentina
D. Paraguay
Answer:",False
"The following are multiple choice questions (with answers) about miscellaneous.

How much angular momentum did Hurricane Florence have when it hit land?
A. L = 10^16 kg * m^2 / s
B. L = 10^19 kg * m^2 / s
C. L = 10^22 kg * m^2 / s
D. L = 10^25 kg * m^2 / s
Answer:",False
"
def generate_integers(a, b):
    """"""
    Given two positive integers a and b, return the even digits between a
    and b, in ascending order.

    For example:
    generate_integers(2, 8) => [2, 4, 6, 8]
    generate_integers(8, 2) => [2, 4, 6, 8]
    generate_integers(10, 14) => []
    """"""
",True
"
def tri(n):
    """"""Everyone knows Fibonacci sequence, it was studied deeply by mathematicians in 
    the last couple centuries. However, what people don't know is Tribonacci sequence.
    Tribonacci sequence is defined by the recurrence:
    tri(1) = 3
    tri(n) = 1 + n / 2, if n is even.
    tri(n) =  tri(n - 1) + tri(n - 2) + tri(n + 1), if n is odd.
    For example:
    tri(2) = 1 + (2 / 2) = 2
    tri(4) = 3
    tri(3) = tri(2) + tri(1) + tri(4)
           = 2 + 3 + 3 = 8 
    You are given a non-negative integer number n, you have to a return a list of the 
    first n + 1 numbers of the Tribonacci sequence.
    Examples:
    tri(3) = [1, 3, 2, 8]
    """"""
",True
"

def flip_case(string: str) -> str:
    """""" For a given string, flip lowercase characters to uppercase and uppercase to lowercase.
    >>> flip_case('Hello')
    'hELLO'
    """"""
",True
"The following are multiple choice questions (with answers) about miscellaneous.

Which of the following charts is used in advanced manufacturing to record results data for a preproduction process?
A. R chart
B. Run chart
C. X-bar chart
D. Pareto chart
Answer:",False
"The following are multiple choice questions (with answers) about miscellaneous.

How many sides does a rhombus have?
A. 4
B. 6
C. 8
D. 10
Answer:",False
"The following are multiple choice questions (with answers) about miscellaneous.

According to Article III, Section 1, of the United States Constitution, judges ""shall hold their offices during good behavior..."" A consequence of this clause is that:
A. Congress cannot remove federal judges from office
B. federal judges have political independence to fulfill their duties
C. the president has no influence over the composition of the Supreme Court
D. federal judges lack opportunity for advancement or promotion
Answer:",False
"The following are multiple choice questions (with answers) about miscellaneous.

Which of the following is the most reasonable action to take for an artist whose work requires the use of a specific hazardous product?
A. Finding a nontoxic product to use and adapting the art-making process as necessary
B. Reading the product's label and proceeding according to the label directions
C. Making sure no children are present when using the product
D. Checking with a qualified toxicologist before using the material
Answer:",False
"The following are multiple choice questions (with answers) about miscellaneous.

What is the heaviest confirmed noble gas?
A. Xenon
B. Argon
C. Radon
D. Krypton
Answer:",False
"The following are multiple choice questions (with answers) about miscellaneous.

What do the initials 'E E' in poet E E Cummings' name stand for?
A. Edward Estlin
B. Edmund Earl
C. Ernest Eakins
D. Eugene Evan
Answer:",False
"The following are multiple choice questions (with answers) about miscellaneous.

Who sang lead vocals for the band Big Brother and the Holding Company?
A. Grace Slick
B. Janis Joplin
C. Mama Cass
D. Karen Carpenter
Answer:",False
"The following are multiple choice questions (with answers) about miscellaneous.

In the movie 'Star Wars' what kind of creature is Chewbacca?
A. Woolie
B. Woobie
C. Wookiee
D. Klingon
Answer:",False
"The following are multiple choice questions (with answers) about miscellaneous.

What is a Dutch oven?
A. a toaster oven
B. a microwave
C. a kettle pot
D. a sauna
Answer:",False
"The following are multiple choice questions (with answers) about miscellaneous.

What nationality was Karl Marx?
A. Russian
B. German
C. Danish
D. English
Answer:",False
"The following are multiple choice questions (with answers) about miscellaneous.

Which of the following criteria is the most important when assessing reading comprehension?
A. Ability to spell inventively
B. Ability to decode new words
C. Ability to identify the main idea
D. Ability to recognize rhyming patterns
Answer:",False
"from typing import List


def rescale_to_unit(numbers: List[float]) -> List[float]:
    """""" Given list of numbers (of at least two elements), apply a linear transform to that list,
    such that the smallest number will become 0 and the largest will become 1
    >>> rescale_to_unit([1.0, 2.0, 3.0, 4.0, 5.0])
    [0.0, 0.25, 0.5, 0.75, 1.0]
    """"""
",True
"from typing import List


def concatenate(strings: List[str]) -> str:
    """""" Concatenate list of strings into a single string
    >>> concatenate([])
    ''
    >>> concatenate(['a', 'b', 'c'])
    'abc'
    """"""
",True
"

def max_element(l: list):
    """"""Return maximum element in the list.
    >>> max_element([1, 2, 3])
    3
    >>> max_element([5, 3, -5, 2, -3, 3, 9, 0, 123, 1, -10])
    123
    """"""
",True
"

def get_positive(l: list):
    """"""Return only positive numbers in the list.
    >>> get_positive([-1, 2, -4, 5, 6])
    [2, 5, 6]
    >>> get_positive([5, 3, -5, 2, -3, 3, 9, 0, 123, 1, -10])
    [5, 3, 2, 3, 9, 123, 1]
    """"""
",True
"

def largest_prime_factor(n: int):
    """"""Return the largest prime factor of n. Assume n > 1 and is not a prime.
    >>> largest_prime_factor(13195)
    29
    >>> largest_prime_factor(2048)
    2
    """"""
",True
